{"type":"FeatureCollection","features":[{"type":"Feature","id":1,"geometry":{"type":"LineString","coordinates":[[-91.280899999999974,43.606130000000064],[-91.280179999999973,43.606250000000045],[-91.279759999999953,43.606510000000071],[-91.279459999999972,43.606990000000053],[-91.279229999999984,43.607710000000054],[-91.278919999999971,43.60826000000003],[-91.27846999999997,43.608870000000081],[-91.277999999999963,43.609420000000057],[-91.277849999999944,43.609840000000077],[-91.27777999999995,43.610430000000065],[-91.277949999999976,43.610780000000034],[-91.277829999999938,43.611320000000035],[-91.277499999999975,43.611840000000029],[-91.277249999999981,43.612580000000037],[-91.276999999999987,43.613130000000069],[-91.276259999999979,43.614110000000039],[-91.27568999999994,43.614730000000066],[-91.275299999999959,43.61525000000006],[-91.275119999999959,43.615780000000029],[-91.275019999999984,43.61650000000003],[-91.27470999999997,43.617140000000063],[-91.274579999999958,43.617620000000045],[-91.27434999999997,43.617760000000033]]},"properties":{"OBJECTID":1,"Name":"Reno Quarry Connector","HIKING":"Yes","Biking":"No","Difficulty":"Intermediate","Length":0.910000026,"Shape_Length":0.014126648316121605}},{"type":"Feature","id":2,"geometry":{"type":"LineString","coordinates":[[-91.474969999999985,44.023330000000044],[-91.474939999999947,44.023200000000031],[-91.474699999999984,44.023050000000069],[-91.474419999999952,44.022980000000075],[-91.474079999999958,44.022860000000037],[-91.473909999999989,44.022720000000049],[-91.473809999999958,44.022510000000068],[-91.47384999999997,44.022360000000049],[-91.474069999999983,44.022260000000074],[-91.474229999999977,44.022140000000036],[-91.474299999999971,44.021960000000036],[-91.47437999999994,44.021790000000067],[-91.474519999999984,44.02141000000006],[-91.474609999999984,44.02123000000006],[-91.474689999999953,44.021010000000047],[-91.474639999999965,44.020860000000027],[-91.474519999999984,44.020710000000065],[-91.474579999999946,44.020440000000065],[-91.47444999999999,44.020200000000045],[-91.474339999999984,44.019950000000051],[-91.474259999999958,44.019750000000045],[-91.474109999999939,44.019460000000038],[-91.473889999999983,44.01914000000005],[-91.473709999999983,44.018760000000043],[-91.473269999999957,44.018650000000036],[-91.472619999999949,44.01854000000003],[-91.472409999999968,44.018500000000074],[-91.472019999999986,44.018400000000042],[-91.471899999999948,44.01852000000008],[-91.471879999999942,44.018670000000043],[-91.471959999999967,44.018790000000081],[-91.471879999999942,44.018850000000043],[-91.471759999999961,44.018870000000049],[-91.471649999999954,44.018920000000037],[-91.471699999999942,44.019030000000043],[-91.471709999999973,44.019120000000044],[-91.471839999999986,44.01923000000005],[-91.47199999999998,44.019350000000031],[-91.472109999999986,44.019490000000076],[-91.472239999999942,44.019690000000026],[-91.472299999999962,44.020160000000033],[-91.472239999999942,44.020520000000033],[-91.472129999999936,44.02081000000004],[-91.471929999999986,44.021170000000041],[-91.471589999999935,44.021440000000041],[-91.471299999999985,44.021610000000067],[-91.471019999999953,44.02177000000006],[-91.470519999999965,44.02210000000008],[-91.470259999999939,44.022140000000036],[-91.469599999999957,44.022150000000067],[-91.46921999999995,44.022160000000042],[-91.46903999999995,44.022160000000042],[-91.468809999999962,44.022090000000048],[-91.468349999999987,44.021890000000042],[-91.468009999999936,44.021810000000073],[-91.467689999999948,44.021850000000029],[-91.467289999999991,44.021740000000079],[-91.466979999999978,44.021610000000067],[-91.466719999999953,44.02141000000006],[-91.466609999999946,44.021200000000078],[-91.466579999999965,44.02090000000004],[-91.466459999999984,44.020710000000065],[-91.466199999999958,44.020430000000033],[-91.466039999999964,44.020140000000026],[-91.465849999999989,44.019900000000064],[-91.465469999999982,44.019640000000038],[-91.465299999999957,44.019480000000044],[-91.46527999999995,44.019260000000031],[-91.46527999999995,44.019020000000069],[-91.465249999999969,44.018640000000062],[-91.465229999999963,44.018460000000061],[-91.465199999999982,44.018190000000061],[-91.465379999999982,44.017960000000073],[-91.465409999999963,44.017750000000035],[-91.465559999999982,44.017400000000066],[-91.465759999999989,44.017210000000034],[-91.465929999999958,44.017120000000034],[-91.466019999999958,44.017000000000053],[-91.46605999999997,44.016730000000052],[-91.466159999999945,44.016470000000027],[-91.466339999999946,44.016190000000051],[-91.46656999999999,44.016140000000064],[-91.466829999999959,44.016050000000064],[-91.467089999999985,44.015950000000032],[-91.46727999999996,44.015820000000076],[-91.467439999999954,44.015770000000032],[-91.467649999999935,44.015840000000026],[-91.46787999999998,44.015970000000038],[-91.46805999999998,44.016090000000077],[-91.468379999999968,44.016120000000058],[-91.468669999999975,44.016090000000077],[-91.468929999999943,44.016030000000057],[-91.469049999999982,44.015920000000051],[-91.469189999999969,44.015740000000051],[-91.469229999999982,44.015630000000044],[-91.469429999999988,44.015540000000044],[-91.469689999999957,44.015500000000031],[-91.469889999999964,44.015540000000044],[-91.470139999999958,44.015550000000076],[-91.470359999999971,44.015480000000025],[-91.47059999999999,44.015410000000031],[-91.470649999999978,44.015330000000063],[-91.470589999999959,44.015220000000056],[-91.470489999999984,44.015060000000062],[-91.470449999999971,44.014930000000049],[-91.470569999999952,44.014840000000049],[-91.470839999999953,44.01478000000003],[-91.471109999999953,44.014730000000043],[-91.471389999999985,44.014730000000043],[-91.471629999999948,44.014890000000037],[-91.471769999999935,44.014930000000049],[-91.472019999999986,44.014840000000049],[-91.472159999999974,44.014650000000074],[-91.472369999999955,44.014650000000074],[-91.472509999999943,44.01469000000003],[-91.472759999999937,44.01458000000008],[-91.472939999999937,44.01458000000008]]},"properties":{"OBJECTID":2,"Name":"Deer Me Run","HIKING":"Yes","Biking":"No","Difficulty":"Intermediate","Length":2,"Shape_Length":0.030747056592625895}},{"type":"Feature","id":3,"geometry":{"type":"LineString","coordinates":[[-91.273349999999937,43.618510000000072],[-91.273429999999962,43.618900000000053],[-91.273249999999962,43.619150000000047],[-91.273229999999955,43.619380000000035],[-91.273499999999956,43.619750000000067],[-91.273519999999962,43.619980000000055],[-91.273539999999969,43.620230000000049],[-91.273559999999975,43.620840000000044],[-91.273629999999969,43.621060000000057],[-91.273619999999937,43.621400000000051],[-91.273879999999963,43.62146000000007],[-91.27416999999997,43.621470000000045],[-91.274339999999938,43.62155000000007],[-91.274499999999989,43.621900000000039],[-91.274559999999951,43.622400000000027],[-91.274669999999958,43.622670000000028],[-91.274779999999964,43.622890000000041],[-91.274929999999983,43.623210000000029],[-91.275089999999977,43.62346000000008],[-91.27512999999999,43.623660000000029],[-91.27514999999994,43.62393000000003],[-91.275059999999939,43.624040000000036],[-91.275059999999939,43.624190000000056],[-91.27514999999994,43.624450000000081],[-91.275089999999977,43.624830000000031],[-91.274929999999983,43.624840000000063],[-91.274829999999952,43.624780000000044],[-91.274689999999964,43.624770000000069],[-91.274449999999945,43.624780000000044],[-91.274589999999989,43.624850000000038],[-91.274719999999945,43.62489000000005],[-91.27476999999999,43.624990000000025],[-91.274589999999989,43.625000000000057],[-91.274359999999945,43.625100000000032],[-91.273919999999976,43.625250000000051],[-91.273609999999962,43.625240000000076],[-91.273579999999981,43.625080000000025],[-91.273489999999981,43.624880000000076],[-91.273429999999962,43.624770000000069],[-91.273329999999987,43.624650000000031],[-91.273299999999949,43.624560000000031],[-91.273439999999937,43.624420000000043],[-91.273509999999987,43.624280000000056],[-91.273379999999975,43.623970000000043],[-91.273289999999974,43.623800000000074],[-91.273189999999943,43.623570000000029],[-91.273219999999981,43.623470000000054],[-91.273099999999943,43.623400000000061]]},"properties":{"OBJECTID":3,"Name":"Ferry Rock Trail","HIKING":"Yes","Biking":"No","Difficulty":"Intermediate","Length":0.75,"Shape_Length":0.011709393540461317}},{"type":"Feature","id":4,"geometry":{"type":"LineString","coordinates":[[-91.27434999999997,43.617760000000033],[-91.273769999999956,43.618160000000046],[-91.273369999999943,43.618490000000065],[-91.273079999999936,43.618740000000059],[-91.272819999999967,43.618760000000066],[-91.272999999999968,43.618210000000033],[-91.273189999999943,43.617870000000039],[-91.273359999999968,43.617530000000045],[-91.273459999999943,43.617170000000044],[-91.273399999999981,43.616890000000069],[-91.273349999999937,43.616620000000069],[-91.273389999999949,43.616290000000049],[-91.273239999999987,43.616020000000049],[-91.272889999999961,43.61596000000003],[-91.272929999999974,43.616240000000062],[-91.272919999999942,43.616520000000037],[-91.272649999999942,43.616790000000037]]},"properties":{"OBJECTID":4,"Name":"Reno Quarry Point Trail","HIKING":"Yes","Biking":"No","Difficulty":"Easy","Length":0.74000001,"Shape_Length":0.0060909146985884625}},{"type":"Feature","id":5,"geometry":{"type":"LineString","coordinates":[[-91.484499999999969,44.02693000000005],[-91.484649999999988,44.026690000000031],[-91.48461999999995,44.026520000000062],[-91.484789999999975,44.026460000000043],[-91.485069999999951,44.02631000000008],[-91.48530999999997,44.026120000000049],[-91.485379999999964,44.026000000000067],[-91.485479999999939,44.025670000000048],[-91.48548999999997,44.025310000000047],[-91.485509999999977,44.025090000000034],[-91.485739999999964,44.024760000000072],[-91.486039999999946,44.024510000000078],[-91.486229999999978,44.024320000000046],[-91.48646999999994,44.024200000000064],[-91.48670999999996,44.024090000000058],[-91.486929999999973,44.024030000000039],[-91.487099999999941,44.023820000000057],[-91.487199999999973,44.023570000000063],[-91.487259999999935,44.023120000000063],[-91.487279999999942,44.022620000000074],[-91.487289999999973,44.022310000000061],[-91.487329999999986,44.022060000000067],[-91.487439999999935,44.021880000000067],[-91.487749999999949,44.021700000000067],[-91.488069999999936,44.021540000000073],[-91.488269999999943,44.02132000000006],[-91.488289999999949,44.02123000000006],[-91.488319999999987,44.021130000000028],[-91.488399999999956,44.020880000000034],[-91.488459999999975,44.020580000000052],[-91.488259999999968,44.020470000000046],[-91.488289999999949,44.020200000000045],[-91.488279999999975,44.019880000000057],[-91.488049999999987,44.019270000000063],[-91.487939999999981,44.019000000000062],[-91.487909999999943,44.018690000000049],[-91.487629999999967,44.018380000000036],[-91.48739999999998,44.018200000000036],[-91.486899999999991,44.017930000000035],[-91.486679999999978,44.017810000000054],[-91.486409999999978,44.017610000000047],[-91.486279999999965,44.01756000000006],[-91.48599999999999,44.017510000000073],[-91.485849999999971,44.01738000000006],[-91.485469999999964,44.017220000000066],[-91.485269999999957,44.017200000000059],[-91.48470999999995,44.017170000000078],[-91.484309999999937,44.017090000000053],[-91.484079999999949,44.017040000000065],[-91.483589999999936,44.016930000000059],[-91.483289999999954,44.016800000000046],[-91.483109999999954,44.016720000000078],[-91.482749999999953,44.016560000000027],[-91.482499999999959,44.016460000000052],[-91.482199999999978,44.016430000000071],[-91.481989999999939,44.016370000000052],[-91.481849999999952,44.016440000000046],[-91.481569999999977,44.016380000000026],[-91.481239999999957,44.016370000000052],[-91.480849999999975,44.01625000000007],[-91.480539999999962,44.016060000000039],[-91.480309999999974,44.015940000000057],[-91.480019999999968,44.015880000000038],[-91.479639999999961,44.015790000000038],[-91.479229999999973,44.015720000000044],[-91.478879999999947,44.015600000000063],[-91.478549999999984,44.015620000000069],[-91.477879999999971,44.015580000000057],[-91.477629999999976,44.015500000000031],[-91.477389999999957,44.015320000000031],[-91.477149999999938,44.015250000000037],[-91.476879999999937,44.01520000000005],[-91.47664999999995,44.015100000000075],[-91.475889999999936,44.014950000000056],[-91.475039999999979,44.014850000000081],[-91.474669999999946,44.014800000000037],[-91.474429999999984,44.014840000000049],[-91.47453999999999,44.015100000000075],[-91.474669999999946,44.015360000000044],[-91.474849999999947,44.015640000000076],[-91.475019999999972,44.01571000000007],[-91.475139999999953,44.015660000000025],[-91.475399999999979,44.015530000000069],[-91.475659999999948,44.015500000000031],[-91.475809999999967,44.015700000000038],[-91.475909999999942,44.015990000000045]]},"properties":{"OBJECTID":5,"Name":"Riverview Trail","HIKING":"Yes","Biking":"Yes","Difficulty":"Easy","Length":2,"Shape_Length":0.026973918941359778}},{"type":"Feature","id":6,"geometry":{"type":"LineString","coordinates":[[-91.232089999999971,43.725430000000074],[-91.232909999999947,43.725370000000055],[-91.233959999999968,43.72538000000003],[-91.23461999999995,43.72527000000008],[-91.235069999999951,43.724960000000067],[-91.235689999999977,43.724710000000073],[-91.235839999999939,43.724410000000034],[-91.235759999999971,43.723900000000071],[-91.235419999999976,43.723160000000064],[-91.235059999999976,43.72231000000005],[-91.234689999999944,43.721770000000049],[-91.234389999999962,43.720960000000048],[-91.234229999999968,43.720430000000079],[-91.234129999999936,43.719730000000027],[-91.233779999999967,43.718890000000044],[-91.233449999999948,43.718290000000025],[-91.233049999999992,43.717540000000042],[-91.232729999999947,43.717000000000041],[-91.232539999999972,43.716770000000054],[-91.23225999999994,43.71679000000006],[-91.23196999999999,43.716750000000047],[-91.231619999999964,43.716690000000028],[-91.231169999999963,43.716710000000035],[-91.231379999999945,43.717010000000073],[-91.231489999999951,43.717440000000067],[-91.231319999999982,43.71786000000003],[-91.23094999999995,43.719310000000064],[-91.230849999999975,43.719920000000059],[-91.231219999999951,43.720210000000066],[-91.231229999999982,43.720600000000047],[-91.231519999999989,43.720760000000041],[-91.232519999999965,43.720780000000047],[-91.232919999999979,43.720860000000073],[-91.233389999999986,43.721430000000055],[-91.233199999999954,43.721990000000062],[-91.232969999999966,43.722380000000044],[-91.233069999999941,43.72291000000007],[-91.232839999999953,43.723530000000039],[-91.232699999999966,43.724240000000066],[-91.232419999999991,43.724820000000079],[-91.232179999999971,43.725160000000074],[-91.23196999999999,43.725430000000074]]},"properties":{"OBJECTID":6,"Name":"South Loop","HIKING":"Yes","Biking":"Yes","Difficulty":"Easy","Length":2,"Shape_Length":0.024961104071045469}},{"type":"Feature","id":7,"geometry":{"type":"LineString","coordinates":[[-91.227779999999939,43.737120000000061],[-91.227769999999964,43.737520000000075],[-91.227739999999983,43.737660000000062],[-91.227529999999945,43.737720000000081],[-91.227309999999989,43.737700000000075],[-91.227069999999969,43.737690000000043],[-91.226709999999969,43.737770000000069],[-91.226259999999968,43.73798000000005],[-91.225919999999974,43.738150000000076],[-91.225509999999986,43.738210000000038],[-91.224949999999978,43.738260000000025],[-91.224329999999952,43.738300000000038],[-91.223949999999945,43.738380000000063],[-91.223739999999964,43.738420000000076],[-91.223629999999957,43.738380000000063],[-91.223439999999982,43.738200000000063],[-91.223299999999938,43.738000000000056],[-91.223209999999938,43.737850000000037],[-91.223279999999988,43.737610000000075],[-91.223299999999938,43.737450000000081],[-91.223379999999963,43.73729000000003],[-91.223479999999938,43.737140000000068],[-91.223469999999963,43.736960000000067],[-91.223409999999944,43.736800000000073],[-91.223469999999963,43.736660000000029],[-91.223509999999976,43.736480000000029],[-91.223449999999957,43.736250000000041],[-91.223459999999989,43.736120000000028],[-91.223549999999989,43.735990000000072],[-91.223559999999964,43.735810000000072],[-91.223419999999976,43.735650000000078],[-91.223189999999988,43.735490000000027],[-91.22297999999995,43.735570000000052],[-91.22288999999995,43.735750000000053],[-91.22279999999995,43.735940000000028],[-91.222589999999968,43.736060000000066],[-91.22217999999998,43.736200000000053],[-91.22199999999998,43.736300000000028],[-91.221879999999942,43.736540000000048],[-91.221879999999942,43.736720000000048],[-91.221979999999974,43.736800000000073],[-91.222199999999987,43.736800000000073],[-91.222319999999968,43.736880000000042],[-91.222419999999943,43.73711000000003],[-91.222549999999956,43.73738000000003],[-91.222589999999968,43.737570000000062],[-91.222509999999943,43.737780000000043],[-91.222449999999981,43.738020000000063],[-91.222399999999936,43.73831000000007],[-91.222409999999968,43.738600000000076],[-91.222469999999987,43.738910000000033],[-91.222509999999943,43.739170000000058],[-91.222399999999936,43.739390000000071],[-91.222239999999942,43.739590000000078],[-91.221989999999948,43.73983000000004],[-91.221839999999986,43.739860000000078],[-91.221719999999948,43.739930000000072],[-91.221459999999979,43.740260000000035],[-91.221249999999941,43.740710000000036],[-91.221049999999991,43.741100000000074],[-91.221009999999978,43.741450000000043],[-91.220999999999947,43.741820000000075],[-91.220879999999966,43.742050000000063],[-91.220629999999971,43.74225000000007],[-91.220339999999965,43.742360000000076],[-91.220109999999977,43.742440000000045],[-91.219969999999989,43.742740000000026]]},"properties":{"OBJECTID":7,"Name":"Swamp Trail","HIKING":"Yes","Biking":"No","Difficulty":"Easy","Length":1,"Shape_Length":0.017643784688707136}},{"type":"Feature","id":8,"geometry":{"type":"LineString","coordinates":[[-91.040825463999965,43.848057090000054],[-91.038544577999971,43.848526502000027],[-91.03478553299999,43.849009263000028],[-91.032549861999939,43.849340097000038],[-91.031524653999952,43.850729846000036],[-91.031793410999967,43.852487544000041],[-91.032443074999946,43.854207287000065],[-91.031616263999979,43.856043902000067],[-91.032036448999975,43.85828340200004],[-91.032629560999965,43.859485970000037],[-91.031919570999946,43.859802994000063],[-91.030880496999941,43.860399080000036],[-91.029901568999946,43.86171937000006],[-91.028020839999954,43.860528379000073],[-91.026820871999973,43.860090510000077],[-91.027812291999965,43.859494889000075],[-91.027176918999942,43.858603285000072],[-91.026026459999969,43.858268499000076],[-91.02454101099994,43.857867681000073],[-91.025769674999935,43.857200926000075],[-91.025751335999985,43.856131212000037],[-91.024077556999941,43.85587012700006],[-91.023166191999962,43.855567681000025],[-91.022383744999956,43.854435780000074],[-91.024860406999949,43.851660806000041],[-91.021518816999958,43.847741113000041],[-91.018952225999953,43.846579143000042],[-91.019616975999952,43.842886904000068]]},"properties":{"OBJECTID":8,"Name":"Experimental Forest State Trail","HIKING":"Yes","Biking":"No","Difficulty":"Easy","Length":3.16082573,"Shape_Length":0.053403654761658488}},{"type":"Feature","id":9,"geometry":{"type":"MultiLineString","coordinates":[[[-91.191463251999949,43.819173787000068],[-91.191508213999953,43.819195991000072],[-91.191517643999987,43.819215538000037],[-91.191526808999981,43.819285126000068],[-91.191530830999966,43.819298202000027],[-91.191536635999967,43.819343563000075],[-91.191547259999936,43.819426614000065],[-91.191591431999939,43.819476654000027],[-91.191592855999943,43.819541780000066],[-91.191595455999959,43.819566425000062],[-91.191630324999949,43.819608920000064],[-91.191659409999943,43.81966994000004],[-91.191667286999973,43.81969827100005],[-91.191674077999949,43.819732051000074],[-91.19166192299997,43.819756359000053],[-91.191652032999968,43.819784018000064],[-91.191653038999959,43.819851493000044],[-91.191649584999936,43.819872529000065],[-91.191647589999945,43.819884685000034],[-91.191632585999969,43.819927768000071],[-91.191643565999982,43.81993732400008],[-91.191704252999955,43.819982921000076],[-91.191753118999941,43.820007480000072],[-91.191754793999962,43.820007564000036],[-91.191877253999962,43.820070513000076],[-91.191899883999952,43.820125918000031],[-91.19192318599994,43.82016212800005],[-91.191942967999978,43.820206049000035],[-91.19193022799999,43.820227675000069],[-91.191946048999966,43.820252813000025],[-91.191965513999946,43.820283749000055],[-91.191979009999955,43.820293136000032],[-91.192004407999946,43.820354073000033],[-91.192052434999937,43.820425823000051],[-91.192060312999956,43.820462452000072],[-91.19208587899999,43.820490028000052],[-91.192112124999937,43.820537681000076],[-91.192124518999947,43.820560185000033],[-91.192150670999979,43.820598239000049],[-91.192151341999988,43.820620703000031],[-91.192183191999959,43.820665462000079],[-91.192204231999938,43.820717682000065],[-91.192208757999936,43.820745091000049],[-91.192219904999945,43.820780713000033],[-91.192239768999968,43.820793957000035],[-91.192276146999973,43.820807871000056],[-91.192341190999969,43.820842824000067],[-91.19236591799995,43.820851205000054],[-91.192451160999951,43.820845775000066],[-91.192464572999938,43.82084492000007],[-91.192656349999936,43.820814828000039],[-91.192725585999938,43.820787755000026],[-91.192737067999985,43.820782977000079],[-91.192803789999971,43.820757832000027],[-91.192873442999939,43.820745930000044],[-91.192913256999987,43.820736038000064],[-91.192954161999978,43.820729333000031],[-91.193019959999958,43.820719107000059],[-91.193088270999965,43.820688597000071],[-91.193123727999989,43.820675522000045],[-91.193190866999942,43.820646016000069],[-91.193201342999942,43.820635455000058],[-91.193331263999937,43.820596480000063],[-91.193386499999974,43.820585249000032],[-91.193460093999988,43.82056043800003],[-91.193491190999964,43.820535712000037],[-91.193529578999971,43.820527581000078],[-91.193580373999964,43.820498244000078],[-91.193598813999984,43.820499251000058],[-91.193649152999967,43.820486929000026],[-91.193650865999984,43.82048651000008],[-91.193695960999946,43.82047921800006],[-91.193744659999936,43.820478128000047],[-91.193830908999985,43.820471087000044],[-91.193881955999984,43.82045180800003],[-91.193890336999971,43.820449462000056],[-91.193901903999972,43.820425574000069],[-91.19390257799995,43.820409930000039],[-91.193898132999948,43.820401264000054],[-91.193892349999942,43.820393806000027],[-91.193884218999983,43.820383244000027],[-91.193885978999958,43.820377042000075],[-91.193884302999948,43.820363799000063],[-91.193886899999939,43.820329684000058],[-91.194009779999988,43.82028635000006],[-91.194057556999951,43.820286517000056],[-91.194065351999939,43.820287440000072],[-91.194190577999962,43.820282830000053],[-91.194227792999982,43.820270675000074],[-91.194270875999962,43.820258188000025],[-91.194314629999951,43.820275370000047],[-91.194433233999973,43.820266066000045],[-91.194602343999975,43.820264215000066],[-91.194639930999983,43.820263804000035],[-91.194613901999958,43.82029913100007],[-91.194582682999965,43.820341503000066],[-91.194567931999984,43.820390790000033],[-91.194464496999956,43.820473184000036],[-91.194416301999979,43.820507801000076],[-91.194402219999972,43.820559936000052],[-91.194412530999955,43.820635289000052],[-91.194396687999983,43.820650881000063],[-91.194404230999965,43.820679212000073],[-91.194437172999983,43.820778285000074],[-91.194434490999981,43.820823799000038],[-91.194427867999991,43.820870487000036],[-91.194421329999955,43.820907032000036],[-91.194418311999982,43.820961514000032],[-91.194427532999953,43.820989342000075],[-91.194423341999936,43.821061846000077],[-91.194443372999956,43.821072323000067],[-91.194466759999955,43.821079532000056],[-91.194471032999957,43.821084561000077],[-91.194471956999962,43.821114149000039],[-91.194437925999978,43.821181373000059],[-91.19441562999998,43.821218085000055],[-91.194378245999985,43.821289750000062],[-91.194375899999955,43.821303581000052],[-91.194399770999951,43.821335463000025],[-91.194450580999955,43.821403325000063],[-91.194476649999956,43.821417994000058],[-91.194543117999956,43.821422436000034],[-91.194614028999979,43.821439536000071],[-91.19464923299995,43.821463423000068],[-91.194707822999987,43.821481110000036],[-91.194760543999962,43.821509357000025],[-91.194833969999991,43.821603235000055],[-91.19493396699994,43.821666099000026],[-91.19497998199995,43.821668782000074],[-91.195022646999973,43.821684707000031],[-91.195041086999936,43.821707506000052],[-91.195039913999949,43.821727623000072],[-91.195036056999982,43.82175511500003],[-91.195041420999985,43.821771292000051],[-91.195070710999971,43.821785123000041],[-91.19510897899994,43.821794427000043]],[[-91.191463251999949,43.819173787000068],[-91.19135141999999,43.819130165000047],[-91.191200781999953,43.819097427000031],[-91.191076811999949,43.819069794000029]],[[-91.191463251999949,43.819173787000068],[-91.191520649999973,43.819149586000037],[-91.191600949999952,43.819092926000053],[-91.191651830999945,43.819002815000033],[-91.191763310999988,43.818984796000052],[-91.19189314099998,43.819022016000076],[-91.192048711999973,43.818955455000037],[-91.192071650999935,43.818957303000047],[-91.192107592999946,43.818945145000043],[-91.192172706999941,43.818944471000066],[-91.192241767999974,43.818943756000067],[-91.192268629999944,43.81890489500006]]]},"properties":{"OBJECTID":9,"Name":"BIRCH TRAIL","HIKING":"Yes","Biking":"No","Difficulty":"Easy","Length":0.466414988,"Shape_Length":0.0080678547862620235}},{"type":"Feature","id":10,"geometry":{"type":"MultiLineString","coordinates":[[[-91.211175906999983,43.820479233000071],[-91.211161825999966,43.820561292000036],[-91.211246735999964,43.820634553000048],[-91.211201134999953,43.82073153400006],[-91.211418475999949,43.82077419400008],[-91.211282524999945,43.820905955000057],[-91.211195185999941,43.820979804000046],[-91.211117064999939,43.820989614000041],[-91.211032653999951,43.821056245000079],[-91.210676934999981,43.82136386500008],[-91.21118437299998,43.82133854500006],[-91.211544543999935,43.821498556000051],[-91.211894404999953,43.821470817000034],[-91.212392375999968,43.821453217000055],[-91.212346524999987,43.821656137000048],[-91.212055084999974,43.821662007000043],[-91.211610333999943,43.821879187000036],[-91.211308921999944,43.822029137000072],[-91.210985301999983,43.82206844600006],[-91.210617080999953,43.822289307000062],[-91.210361429999978,43.822276486000078],[-91.209646369999973,43.822432056000025],[-91.209478058999991,43.822412685000074],[-91.209382008999967,43.822469436000063],[-91.20917572899998,43.822601706000057],[-91.208979416999966,43.822799686000053],[-91.208683114999985,43.822914845000071],[-91.208360664999987,43.822972186000072],[-91.207978874999981,43.82254520500004],[-91.20797769699999,43.822323923000056],[-91.207877706999966,43.822134993000077],[-91.207845597999949,43.821890242000052],[-91.207794637999939,43.821607101000041],[-91.207807048999939,43.821463182000059],[-91.207834539999965,43.821152049000034],[-91.207932860999961,43.820968650000054],[-91.207976029999941,43.820729510000035],[-91.208065210999962,43.820540840000035],[-91.208155902999977,43.820393230000036],[-91.208153722999953,43.82009793800006],[-91.207938141999989,43.820078408000029],[-91.207631531999937,43.819925607000073],[-91.207325933999982,43.819800716000032],[-91.206526631999964,43.819651015000034],[-91.206373241999984,43.819661575000055],[-91.206056321999938,43.819628715000079],[-91.20569949999998,43.819675654000037],[-91.205480819999991,43.819882935000066],[-91.205403028999967,43.819992994000074],[-91.205100867999988,43.820158036000066],[-91.204601965999984,43.820559775000049],[-91.204519914999935,43.820644345000062],[-91.204403654999965,43.820694475000039],[-91.204261834999954,43.82087359500008],[-91.204294433999962,43.821025725000027],[-91.204153112999961,43.821245336000061],[-91.204000312999938,43.821408447000067],[-91.203702171999964,43.821535177000044],[-91.203317691999985,43.821990737000078],[-91.20315691899998,43.822290637000037],[-91.202794487999938,43.822616448000076],[-91.202839836999942,43.822667998000043],[-91.203082237999979,43.822642848000044],[-91.20339563899995,43.822573698000042],[-91.203934351999976,43.822230208000065],[-91.204205841999965,43.822107079000034],[-91.204305241999975,43.822029629000042],[-91.204457121999951,43.821967019000056],[-91.204638591999981,43.821741128000042],[-91.204921062999972,43.821577598000033],[-91.204980414999966,43.821422777000066],[-91.205205714999977,43.82130341800007],[-91.205233294999971,43.821219018000079],[-91.205287105999957,43.82109194700007],[-91.205421636999972,43.820923636000032],[-91.205768396999986,43.820711407000033],[-91.205844167999942,43.820648377000055],[-91.205984568999952,43.82043429600003],[-91.206173078999939,43.820344197000054],[-91.206403078999983,43.820198187000074],[-91.206752440999935,43.820212347000052],[-91.206866759999969,43.820230707000064],[-91.207063240999958,43.820278148000057],[-91.207217549999939,43.820467828000062],[-91.20724813999999,43.820697909000046],[-91.207116128999985,43.820864210000025],[-91.20704730999995,43.821042909000028],[-91.206836167999938,43.821276520000026],[-91.20682895799996,43.821396879000076],[-91.206536515999971,43.821685890000026],[-91.20655964599996,43.821833241000036],[-91.20644682599999,43.821917651000035],[-91.20647289499999,43.822078081000029],[-91.206676824999988,43.822388382000042],[-91.20655620399998,43.822674453000047],[-91.206525692999946,43.822956754000074],[-91.206441962999975,43.823144264000064],[-91.206664830999955,43.823859156000026],[-91.206858959999977,43.824104497000064],[-91.20690161899995,43.824414797000031],[-91.206875297999943,43.824655857000039],[-91.206842198999936,43.824744538000061],[-91.206687298999952,43.824525098000038],[-91.20641521999994,43.823806015000059],[-91.206159409999941,43.823636954000051],[-91.205953550999936,43.823501164000049],[-91.205930500999955,43.823244763000048],[-91.206019431999948,43.823062793000076],[-91.206136691999973,43.822958103000076],[-91.206192262999991,43.822658532000048],[-91.206150443999945,43.822445290000076],[-91.206088333999958,43.822273041000074],[-91.205979873999979,43.822174220000079],[-91.205828154999949,43.821835090000036],[-91.205683824999937,43.821889489000057],[-91.205661863999978,43.82201143900005],[-91.205647442999975,43.822170451000034],[-91.205527491999987,43.822372791000078],[-91.205448372999967,43.82246482100004],[-91.205346702999975,43.822568251000064],[-91.205187190999936,43.822657101000061],[-91.204785190999985,43.822888360000036],[-91.204636670999946,43.823090531000048],[-91.204435998999941,43.823277032000078],[-91.204353517999948,43.823422702000073],[-91.204126626999937,43.823780362000036],[-91.203992425999957,43.824093513000037],[-91.203882206999936,43.82422209200007],[-91.203766455999983,43.824294512000051],[-91.203686654999956,43.824447813000063],[-91.203663683999991,43.824530204000041],[-91.203693022999971,43.824687624000035],[-91.203678442999944,43.825007395000057],[-91.20356620299998,43.825167485000065],[-91.203494962999969,43.825301426000067],[-91.203368891999958,43.825710636000053],[-91.203594280999937,43.82563989700003],[-91.203669801999979,43.82552690600005],[-91.203757311999937,43.825502006000079],[-91.20417800499996,43.82508660600007],[-91.204303983999978,43.825080485000058],[-91.204334243999938,43.825113596000051],[-91.204323002999956,43.825140996000073],[-91.204333538999947,43.825194602000067],[-91.204327947999957,43.825312558000064],[-91.204322471999944,43.825436262000039],[-91.20430945399994,43.825580174000038],[-91.204287807999947,43.825689671000077],[-91.204266161999954,43.825799167000071],[-91.204251825999961,43.825876957000048],[-91.204245660999959,43.825966162000043],[-91.20423195699999,43.826075575000061],[-91.204226709999944,43.826210780000054],[-91.204224687999954,43.826308568000059]],[[-91.203368891999958,43.825710636000053],[-91.202717900999971,43.825933430000077],[-91.20266090399997,43.825966706000031],[-91.202610947999972,43.825963269000056],[-91.202493350999987,43.825892861000057],[-91.202378350999936,43.825884060000078],[-91.202316407999945,43.825891268000078],[-91.202221608999992,43.825862266000058],[-91.202087485999982,43.825787816000059],[-91.201966984999956,43.825733626000044],[-91.201894378999953,43.825706697000044],[-91.201718023999945,43.825593709000032],[-91.201613920999989,43.825570742000025],[-91.201536889999943,43.825582897000061],[-91.201469835999944,43.825635786000078],[-91.201379896999981,43.82566311100004],[-91.201245115999939,43.825685406000048],[-91.201090971999974,43.825747517000025],[-91.200908916999936,43.82578322300003],[-91.200756869999964,43.825867126000048],[-91.200653688999978,43.825897719000068],[-91.200541705999967,43.82590216300008],[-91.20040357299996,43.825902330000076],[-91.20032318799997,43.825920015000065],[-91.200266862999968,43.825908197000047],[-91.200231993999978,43.825849859000073],[-91.200231574999975,43.825712227000054],[-91.200150353999959,43.825679789000048],[-91.200082042999952,43.825601167000059],[-91.200045244999956,43.825509469000053],[-91.200041759999976,43.825414663000061],[-91.200046168999961,43.825261195000053],[-91.200075589999983,43.825181736000047],[-91.200074499999971,43.825132618000055],[-91.200137196999947,43.825017366000054],[-91.200187488999973,43.825026000000037],[-91.200210538999954,43.825116691000062],[-91.20023460699997,43.825186889000065],[-91.20026401399997,43.825264884000035],[-91.200301259999947,43.825385690000076],[-91.200310701999967,43.825411819000067],[-91.200339008999947,43.825426186000072],[-91.200375695999981,43.825426722000032],[-91.200401643999953,43.825407796000036],[-91.200408852999942,43.825366473000031],[-91.200474400999951,43.825259436000067],[-91.200578587999985,43.825139659000058],[-91.200652851999962,43.825033460000043],[-91.200686408999957,43.824942559000078],[-91.200718072999962,43.824860519000026],[-91.200734325999974,43.82481150600006],[-91.200736503999963,43.824741937000056],[-91.200753693999957,43.824699750000036],[-91.200791488999982,43.824642360000041],[-91.200786250999954,43.824575481000068],[-91.200786377999975,43.824534150000034],[-91.200753770999938,43.824482013000079],[-91.20073776299995,43.824409929000069],[-91.200718904999974,43.82438654300006],[-91.200712280999937,43.824372965000066],[-91.20066542699999,43.824344969000038],[-91.200669367999978,43.824287385000048],[-91.200657820999936,43.824256686000069],[-91.200648496999975,43.824231896000072],[-91.200583534999964,43.824183618000063],[-91.200563251999938,43.824163501000044],[-91.200518743999964,43.824152688000027],[-91.200447665999945,43.824105833000033],[-91.20041992199998,43.824076328000046],[-91.200380776999964,43.824058140000034],[-91.200327133999963,43.824060821000046],[-91.200254965999989,43.824043722000056],[-91.20005086599997,43.824033160000056],[-91.199977942999965,43.824012289000052],[-91.199846011999966,43.823942636000027],[-91.199759092999955,43.82381472700007],[-91.199774347999949,43.823760664000076],[-91.199819274999982,43.823705930000074],[-91.199833439999964,43.823655555000073],[-91.199903176999953,43.823575339000058],[-91.199971070999936,43.823416922000035],[-91.200050364999981,43.823284571000045],[-91.200071738999952,43.823200166000049],[-91.200224038999977,43.822852986000044],[-91.200184978999971,43.822871426000063],[-91.200137128999984,43.822934258000032],[-91.200058536999961,43.823021056000073],[-91.200001498999939,43.823087512000029],[-91.199817765999967,43.823216593000041],[-91.199823383999956,43.823172169000031],[-91.199880474999986,43.823059729000079],[-91.199928198999942,43.822959840000067],[-91.199971408999943,43.822866063000049],[-91.200027315999989,43.822782076000067],[-91.199992279999947,43.822765898000057],[-91.199904327999946,43.822801663000064],[-91.199832436999941,43.822840665000058],[-91.199763788999974,43.822839826000063],[-91.199794801999985,43.822769082000036],[-91.199852050999937,43.822694316000025],[-91.19982883299997,43.822679229000073],[-91.199560026999961,43.822721117000071],[-91.199527083999953,43.822706553000046],[-91.199535215999958,43.822654920000048],[-91.199702465999962,43.822480714000051],[-91.199770205999982,43.822423634000074],[-91.199827492999987,43.822341605000076],[-91.199866301999975,43.822301036000056],[-91.199893122999981,43.822261641000068],[-91.199904354999944,43.822204309000028],[-91.199856912999962,43.822045053000068],[-91.19981274099996,43.82198621100008],[-91.199812405999978,43.821937010000056],[-91.199871414999961,43.821891244000028],[-91.199927405999972,43.82181765100006],[-91.199997312999983,43.821727462000069],[-91.199994231999938,43.821619652000038],[-91.19998331499994,43.821497797000063],[-91.199950960999956,43.821467622000057],[-91.199867560999962,43.821479356000054],[-91.19979572699998,43.821534174000078],[-91.199741327999959,43.821639619000052],[-91.199682403999986,43.821717990000025],[-91.199565474999986,43.821796611000025],[-91.199446131999991,43.821855934000041],[-91.19935467099998,43.821905241000024],[-91.199274538999987,43.821938601000056],[-91.199088844999949,43.822037081000076],[-91.198797522999939,43.822161057000073],[-91.198760641999968,43.822246133000078],[-91.198706831999971,43.822312099000044],[-91.198412709999957,43.822468757000081],[-91.198253619999946,43.822521395000081],[-91.198189832999958,43.822534890000043],[-91.198068463999959,43.822602868000047],[-91.198055637999971,43.822645698000031],[-91.19799403199994,43.822662379000064],[-91.197810222999976,43.822635261000073],[-91.197654814999964,43.822622396000042],[-91.197579797999936,43.822618793000061],[-91.197445939999966,43.822525920000032],[-91.197324066999954,43.822437490000027],[-91.19720152299999,43.822414022000032],[-91.197224655999946,43.822495242000059],[-91.197292969999978,43.822615523000024],[-91.197234796999965,43.822638656000038],[-91.197187188999976,43.822557268000025],[-91.197153769999943,43.82250420400004],[-91.197112396999955,43.822442415000069],[-91.197044863999963,43.822326849000035],[-91.197029527999973,43.822267672000066],[-91.196960962999981,43.822186870000053],[-91.196846541999946,43.822138051000081],[-91.196780850999971,43.822102839000081],[-91.196688353999946,43.822063447000062],[-91.196474309999985,43.822003138000071],[-91.19635193199997,43.822020237000061],[-91.196206507999989,43.822030379000068],[-91.196075581999935,43.822031469000081],[-91.195974242999966,43.822040690000051],[-91.195857710999974,43.822039292000056],[-91.195805220999944,43.822042340000053],[-91.195667134999951,43.822063182000079],[-91.195549364999977,43.82208008300006],[-91.19544283099998,43.822049657000036],[-91.195299751999983,43.821903476000045],[-91.195223141999975,43.821858549000069],[-91.195183493999991,43.821811946000025],[-91.19510897899994,43.821794427000043],[-91.195078385999977,43.821834156000079],[-91.195079976999978,43.82186282300006],[-91.195072685999946,43.821913534000032],[-91.195083413999953,43.821996013000046],[-91.195125222999991,43.822056050000072],[-91.195210566999947,43.822174127000039],[-91.195290865999937,43.822276891000058],[-91.195408044999965,43.822336403000065],[-91.195542658999955,43.822359285000061],[-91.195746338999982,43.822332631000052],[-91.195881034999957,43.822346042000049],[-91.195981032999953,43.822371439000051],[-91.196047416999988,43.822437573000059],[-91.196042806999969,43.822465150000028],[-91.195752372999948,43.822538491000046],[-91.195616452999957,43.822537777000036],[-91.195556017999991,43.822522176000064],[-91.195422461999954,43.822465568000041],[-91.195255546999988,43.822379937000051],[-91.195148289999963,43.822313184000052],[-91.195026438999946,43.822249466000073],[-91.194975453999973,43.822211762000052],[-91.194919380999977,43.822175971000036],[-91.194836837999958,43.82207911900008],[-91.194757022999966,43.822001292000039],[-91.194673203999969,43.821887298000036],[-91.194545044999984,43.821831977000045],[-91.19449517299995,43.821836419000078],[-91.194403138999974,43.821874223000066],[-91.19428587699997,43.821864582000046],[-91.19420314599995,43.821870366000041],[-91.194117399999982,43.821858297000063],[-91.194044560999941,43.82186835400006],[-91.193987229999948,43.821842034000042],[-91.193929812999954,43.821833904000073],[-91.193790001999957,43.821786127000053],[-91.19372068399997,43.821792497000047],[-91.193683132999979,43.821838766000042],[-91.193601324999975,43.821868856000037],[-91.193503715999952,43.82185531500005],[-91.193379392999987,43.82182700900006],[-91.193197319999967,43.821784808000075],[-91.192852681999966,43.821708847000025],[-91.192654645999937,43.821674339000026],[-91.19247839999997,43.821646315000066],[-91.191991830999939,43.821532655000055],[-91.191749843999958,43.821512065000036],[-91.191795494999951,43.821547321000025],[-91.191674122999984,43.821655781000061]]]},"properties":{"OBJECTID":10,"Name":"ROTARY VISTA TRAIL","HIKING":"Yes","Biking":"Yes","Difficulty":"Intermediate","Length":3.68862009,"Shape_Length":0.062675179043809814}},{"type":"Feature","id":11,"geometry":{"type":"MultiLineString","coordinates":[[[-91.202227207999954,43.838378685000066],[-91.202106574999959,43.83817659500005],[-91.202216494999959,43.837913469000057],[-91.202306408999959,43.837471927000081],[-91.202250897999988,43.837162894000073],[-91.202141064999978,43.836604355000077],[-91.202098447999958,43.836116564000065],[-91.202174045999982,43.835782345000041],[-91.202306658999987,43.835006928000041],[-91.202558668999984,43.834444612000027],[-91.202634974999967,43.834146110000063],[-91.202596149999977,43.833848810000063],[-91.20234375199999,43.833565649000036],[-91.201994332999959,43.833366856000055],[-91.201450872999942,43.833336802000076],[-91.200479318999953,43.833287390000066],[-91.199488480999946,43.833095272000037],[-91.199188178999975,43.832884052000054],[-91.198804936999977,43.832637969000075],[-91.198460263999948,43.832677280000041],[-91.198152973999981,43.832942457000058],[-91.197368247999975,43.833188781000047],[-91.196386860999951,43.833472867000069],[-91.196108205999963,43.833523394000053],[-91.196000087999948,43.833048189000067],[-91.195983809999973,43.832226692000063],[-91.196520412999973,43.83191150600004],[-91.198008544999936,43.831467343000043],[-91.198445404999973,43.831450842000038],[-91.199014830999943,43.83144496400007],[-91.199141242999985,43.831515097000079],[-91.199510116999988,43.831535072000065],[-91.199685939999938,43.831442739000067],[-91.199714289999974,43.831213806000051],[-91.199739467999962,43.830494288000068],[-91.199690690999944,43.829964526000026]],[[-91.199679360999937,43.831442808000077],[-91.199877569999956,43.831483612000056],[-91.200120314999936,43.831447741000034],[-91.200523312999962,43.831529280000041],[-91.200906291999956,43.831596737000041],[-91.20107018899995,43.831566449000036],[-91.201415117999943,43.831705750000026],[-91.201613613999939,43.831760838000037],[-91.201770645999943,43.831716331000052],[-91.202080314999989,43.831736915000079],[-91.202416866999954,43.831785799000045],[-91.20281433599996,43.831919784000036],[-91.202981933999979,43.832075222000071],[-91.202986203999956,43.832289525000078],[-91.203081912999949,43.832469531000072],[-91.203168479999988,43.832521023000027],[-91.203306689999977,43.832542157000034]],[[-91.197005438999952,43.859227163000071],[-91.197065616999964,43.859123226000065],[-91.197201916999973,43.858926151000048],[-91.197527309999941,43.858669141000064],[-91.197824963999949,43.858528363000062],[-91.197839300999988,43.858518727000046],[-91.197906693999983,43.858473432000039],[-91.198230165999973,43.858256027000039],[-91.198535668999966,43.858006467000052],[-91.198616041999969,43.85787037800003],[-91.198816539999939,43.857525270000053],[-91.198907084999973,43.857409467000025],[-91.19911929999995,43.857138052000039],[-91.199312543999952,43.856756673000064],[-91.199520868999969,43.856367370000044],[-91.19964024899997,43.856139847000065],[-91.199885491999964,43.855823416000078],[-91.200089870999989,43.855584425000075],[-91.20029847699999,43.855417952000039],[-91.200435404999951,43.855304968000041],[-91.200710556999979,43.855070699000066],[-91.200748608999959,43.855025198000078],[-91.200906187999976,43.85483676900003],[-91.200925372999961,43.854800061000049],[-91.201031185999966,43.854597592000061],[-91.201176420999957,43.854334575000053],[-91.20130805499997,43.85410797000003],[-91.20144797599994,43.853881818000048],[-91.201577270999962,43.853753249000079],[-91.201683646999982,43.853647470000055],[-91.201822358999948,43.853518288000032],[-91.202051434999987,43.853351783000051],[-91.202352513999983,43.853077520000056],[-91.202584347999959,43.852830074000053],[-91.202764019999961,43.852579386000059],[-91.202995334999969,43.852273834000073],[-91.203183851999938,43.852044810000052],[-91.203500893999944,43.851830505000066],[-91.203993583999988,43.85156567000007],[-91.204083314999991,43.851510431000065],[-91.204094998999949,43.851112958000044],[-91.204195311999968,43.850697507000064],[-91.204363721999982,43.850231329000053],[-91.204296512999974,43.849831917000074],[-91.204405980999979,43.849380645000053],[-91.204850052999973,43.848875859000032],[-91.205139753999958,43.848551309000072],[-91.205222508999952,43.848427194000067],[-91.205302487999973,43.848180573000036],[-91.205256670999972,43.847863819000054],[-91.205207899999948,43.847695710000039],[-91.205167767999967,43.84756466400006],[-91.205134388999966,43.847376388000043],[-91.205061711999974,43.846999897000046],[-91.205035974999987,43.846798681000053],[-91.204907888999969,43.846317025000076],[-91.20482147499996,43.84604356400007],[-91.204760617999966,43.845665521000058],[-91.20474993199997,43.845426993000046],[-91.204802084999983,43.844973461000052],[-91.204808966999963,43.844724747000043],[-91.204695509999965,43.844176016000063],[-91.204494784999952,43.844011400000056],[-91.204277373999957,43.843835050000052],[-91.203945052999984,43.843671807000078],[-91.203646818999971,43.843567749000044],[-91.203284925999981,43.84357152900003],[-91.202907292999953,43.84361119700003],[-91.202612619999968,43.843685722000032],[-91.202334159999964,43.843748169000037],[-91.202070963999972,43.843750915000044],[-91.201838768999949,43.843658072000039],[-91.201687164999953,43.843481030000078],[-91.201617573999954,43.84329122500003],[-91.201663130999975,43.843100219000064],[-91.201725137999972,43.842909042000031],[-91.201736607999976,43.842658849000031],[-91.201682517999984,43.84242124900004],[-91.201595530999953,43.842183992000059],[-91.201588894999986,43.841850633000035],[-91.201565572999982,43.841505538000035],[-91.201511248999964,43.841256032000047],[-91.201472662999947,43.840970636000065],[-91.201501294999957,43.840755991000037],[-91.201562112999966,43.840505284000074],[-91.201852122999981,43.83937097900008],[-91.201977309999961,43.839048152000032],[-91.202038123999955,43.838797445000068],[-91.202067702999955,43.838630422000051],[-91.202097991999949,43.838499116000037],[-91.202227207999954,43.838378685000066],[-91.202405767999949,43.838257739000028],[-91.202649881999946,43.838124201000028],[-91.202827490999937,43.837955632000046],[-91.203004150999959,43.837739440000064],[-91.203032300999951,43.837500981000062],[-91.203060452999978,43.837262523000049],[-91.203104574999941,43.837000082000031],[-91.203292695999949,43.83653369600006],[-91.203385923999974,43.836258833000045],[-91.20347843899998,43.835948252000037],[-91.203621007999971,43.835672875000057],[-91.203780972999937,43.835444947000042],[-91.203875145999973,43.835217706000037],[-91.203952159999972,43.83495492000003],[-91.203979355999991,43.834668839000074],[-91.203995558999964,43.834506743000077],[-91.203932759999987,43.834369713000058],[-91.203817606999962,43.834117283000069],[-91.203723192999973,43.833900870000036],[-91.203699419999964,43.833712706000028],[-91.203644898999983,43.833488630000033],[-91.203571226999941,43.833308234000071],[-91.203456221999943,43.833063049000032],[-91.203352378999966,43.83287572100005],[-91.203318164999985,43.832665926000061],[-91.203292659999988,43.832390819000068],[-91.203307622999944,43.832137030000069],[-91.20331373199997,43.831941307000079],[-91.203270086999964,43.831760597000027],[-91.203216580999936,43.831587236000075],[-91.203133626999943,43.831443169000067],[-91.202981911999984,43.831365040000037],[-91.20276086299998,43.831323868000027],[-91.202470911999967,43.831341389000045],[-91.202141790999974,43.831402797000067],[-91.201932624999984,43.831455706000042],[-91.20174304599999,43.831486670000061],[-91.201582622999979,43.831473850000066],[-91.201421334999964,43.831417559000045],[-91.20119841199994,43.831282198000054],[-91.20093516899999,43.831132763000028],[-91.200702386999978,43.831004750000034],[-91.200549523999939,43.830868656000064],[-91.200466288999962,43.830710097000065],[-91.200352308999982,43.830515626000079],[-91.200267921999966,43.830299106000041],[-91.200194840999984,43.830147688000068],[-91.200052422999988,43.830033225000079],[-91.199871556999938,43.829998875000058],[-91.199690690999944,43.829964526000026],[-91.199558282999988,43.829849958000068],[-91.199145648999945,43.829738309000049]]]},"properties":{"OBJECTID":11,"Name":"MVC MATHEY TRAIL","HIKING":"Yes","Biking":"Yes","Difficulty":"Intermediate","Length":3.78236008,"Shape_Length":0.061999429201799496}},{"type":"Feature","id":12,"geometry":{"type":"LineString","coordinates":[[-91.19998331499994,43.821497797000063],[-91.199987313999941,43.821387857000047],[-91.200005942999951,43.821293651000076],[-91.200030114999947,43.821220417000063],[-91.200054457999954,43.821155840000074],[-91.200094346999947,43.821099760000038],[-91.200158269999974,43.821049616000039],[-91.200259921999987,43.821006498000031]]},"properties":{"OBJECTID":12,"Name":"LOOKOUT PRAIRIE CONNECTING TRAIL","HIKING":"Yes","Biking":"Yes","Difficulty":"Intermediate","Length":0.0389271006,"Shape_Length":0.0006126577795137416}},{"type":"Feature","id":13,"geometry":{"type":"MultiLineString","coordinates":[[[-91.201769738999985,43.79880145900006],[-91.201989201999936,43.799072782000053],[-91.202185485999962,43.799444673000039],[-91.201679293999973,43.799951585000031],[-91.201531303999957,43.800108180000052],[-91.201496980999991,43.800281826000059],[-91.201396915999965,43.800948666000068],[-91.201514758999963,43.801175448000038],[-91.201316222999935,43.801323449000051],[-91.200756283999965,43.801028314000064],[-91.200728566999942,43.800900915000057],[-91.201112140999953,43.800559457000077],[-91.20126642799994,43.800287769000079],[-91.20138650399997,43.799976423000032],[-91.201442893999968,43.799835792000067],[-91.201497482999969,43.799703755000053],[-91.201519220999955,43.799606356000027],[-91.201568780999935,43.799460232000058],[-91.20161885899995,43.799259498000026],[-91.201674283999978,43.799066950000054],[-91.201769738999985,43.79880145900006],[-91.201728884999966,43.798646837000035],[-91.201800066999965,43.798427202000028],[-91.201984187999983,43.798188147000076],[-91.202206800999988,43.79798517100005],[-91.202594161999968,43.79783519700004],[-91.202918028999989,43.797658524000042],[-91.203253211999936,43.797417888000041],[-91.20368874199994,43.797157961000039],[-91.203948021999963,43.796899876000055],[-91.204297603999976,43.796750290000034],[-91.204610871999989,43.796674048000057],[-91.204674544999989,43.796709865000025],[-91.204364730999941,43.796959360000074],[-91.204043597999942,43.797272816000032],[-91.203822265999975,43.79753962500007],[-91.20364051699994,43.797897226000032],[-91.203508031999945,43.798199587000056],[-91.203437401999963,43.798446579000029],[-91.203441582999972,43.798656306000055],[-91.203519297999947,43.798764940000069],[-91.203745703999971,43.79881569500003],[-91.203998995999939,43.798857069000064],[-91.204196060999948,43.79889225800008],[-91.204378023999936,43.798873423000032],[-91.204493194999941,43.798787558000072],[-91.204889126999944,43.799018835000027]],[[-91.204297603999976,43.796750290000034],[-91.204373898999961,43.796633846000077],[-91.204404118999946,43.796576841000046],[-91.204532693999965,43.796523484000033],[-91.204701579999949,43.796549215000027],[-91.204816025999946,43.796546569000043],[-91.205106527999988,43.796453903000042],[-91.20541456899997,43.796295247000046],[-91.205805510999937,43.796110002000034],[-91.205908110999985,43.795987581000077],[-91.205991179999955,43.795867889000078],[-91.205916566999974,43.795713499000044],[-91.205717525999944,43.795633101000078],[-91.20559607399997,43.795603614000072],[-91.205411990999949,43.795474074000026],[-91.205307965999964,43.79521107100004],[-91.205153582999969,43.794724445000043],[-91.205104805999952,43.794586818000028],[-91.205023868999945,43.794485254000051],[-91.205034404999935,43.794354152000039],[-91.204936317999966,43.794217042000071],[-91.204855144999954,43.79410357200004],[-91.20481022599995,43.793994485000042],[-91.204785170999969,43.793892335000066],[-91.204668809999987,43.793498195000041],[-91.204628185999979,43.79327474400003],[-91.204664023999953,43.793093361000047],[-91.204628491999983,43.792960360000052],[-91.204730033999965,43.792611573000045],[-91.204875259999937,43.792309962000047],[-91.205229662999955,43.792110955000055]],[[-91.205920768999988,43.795988503000046],[-91.206088450999971,43.79592823400003],[-91.20617163299994,43.795977377000042],[-91.206258866999974,43.795982417000062],[-91.206373355999972,43.795870469000079],[-91.20650890099995,43.795824988000049],[-91.206615524999961,43.795813152000051],[-91.206696634999957,43.795840883000039],[-91.20678303599999,43.795804252000039],[-91.20684642599997,43.795767863000037],[-91.206941520999976,43.795754957000042],[-91.207042093999974,43.795769383000049]]]},"properties":{"OBJECTID":13,"Name":"SHELBY BUTTERFLY TRAILS","HIKING":"Yes","Biking":"Yes","Difficulty":"Intermediate","Length":1.32119,"Shape_Length":0.02182865904613366}},{"type":"Feature","id":14,"geometry":{"type":"LineString","coordinates":[[-91.266367490999983,43.818381349000049],[-91.266367104999972,43.818457090000038],[-91.26635861699998,43.818522919000031],[-91.266342178999992,43.818585976000065],[-91.266306006999969,43.818649249000032],[-91.266242122999984,43.818708541000035],[-91.266168401999948,43.818769370000041],[-91.266058744999953,43.818810588000076],[-91.265872044999981,43.818848365000065],[-91.265644240999961,43.81890231400007],[-91.265457869999977,43.818955807000066],[-91.265377120999972,43.818963839000048],[-91.265254576999951,43.818955182000025],[-91.265161389999946,43.818934771000045],[-91.26507391399997,43.818904294000049],[-91.264983833999963,43.818843837000031],[-91.264905564999935,43.818781819000037],[-91.264838746999942,43.818701100000055],[-91.264807411999982,43.81861856200004],[-91.264773986999955,43.818530331000034],[-91.264729081999974,43.818459374000042],[-91.264672128999962,43.81837854500003],[-91.264632663999976,43.818284664000032],[-91.264607699999942,43.818223491000026],[-91.264588833999937,43.818170826000028],[-91.264532089999989,43.818099998000037],[-91.264453703999948,43.818032267000035],[-91.264398873999937,43.817958560000079],[-91.264311756999973,43.81785091100005],[-91.264215400999944,43.817773374000069],[-91.264137522999988,43.817729930000041],[-91.264072440999939,43.817732074000048],[-91.264039496999942,43.817761015000031],[-91.264027419999991,43.81784403000006],[-91.264027510999938,43.818036946000063],[-91.264028350999979,43.818265577000034],[-91.264008559999979,43.818357250000076],[-91.26398838199998,43.818430351000075],[-91.263991402999977,43.818480334000071],[-91.263951641999938,43.818560794000064],[-91.263883807999946,43.818620128000077],[-91.263817678999942,43.818666582000048],[-91.263684671999954,43.818723773000045],[-91.263570738999988,43.818749317000027],[-91.263425085999984,43.81876806300005],[-91.26332618899994,43.81875771600005],[-91.263201224999989,43.818727648000049],[-91.263070221999953,43.818691931000046],[-91.262966959999972,43.818661626000051],[-91.262914433999981,43.81860361300005],[-91.26278929099999,43.818470658000081],[-91.26271855799996,43.818391409000071],[-91.262638497999944,43.818243670000072],[-91.262600621999979,43.818131194000046],[-91.262565584999948,43.81806012800007],[-91.262548545999948,43.818000297000026],[-91.262528845999952,43.817907627000068],[-91.262507051999989,43.817809264000061],[-91.262453420999975,43.817698390000032],[-91.262370702999988,43.817612127000075],[-91.262310434999961,43.817561344000069],[-91.262275516999978,43.817495992000033],[-91.262270286999978,43.817434602000048],[-91.262271154999951,43.817381719000025],[-91.262296268999989,43.817261408000036],[-91.262286852999978,43.817188632000068],[-91.262293491999969,43.817034227000079],[-91.262268533999986,43.816878738000071],[-91.262267128999952,43.816811590000043],[-91.262309222999988,43.816748253000071],[-91.26233535199998,43.81667651500004],[-91.262333708999961,43.816597938000029],[-91.262343426999962,43.816496372000074],[-91.262344802999962,43.816373462000058],[-91.262340021999989,43.816333502000077]]},"properties":{"OBJECTID":14,"Name":"PETTIBONE PARK PONDWALK","HIKING":"Yes","Biking":"Yes","Difficulty":"Easy","Length":0.469814986,"Shape_Length":0.0076776029168275041}},{"type":"Feature","id":15,"geometry":{"type":"LineString","coordinates":[[-91.191796176999958,43.821546240000032],[-91.191566507999937,43.821371640000052],[-91.191452177999963,43.821190010000066],[-91.191339027999959,43.82100108000003],[-91.191205837999973,43.820600419000073],[-91.191098967999949,43.820393140000078],[-91.191001566999944,43.820207230000051],[-91.190953706999949,43.820044450000069],[-91.190886396999986,43.819888050000031],[-91.190830155999947,43.819696850000071],[-91.19084507599996,43.819522850000055],[-91.190971726999976,43.819381190000058],[-91.191067759999953,43.819213300000058],[-91.191109627999936,43.819126820000065],[-91.191076811999949,43.819069794000029],[-91.190965576999986,43.819053734000079],[-91.190847326999972,43.819083640000031],[-91.190595264999956,43.819157953000058],[-91.190323455999987,43.819235337000066],[-91.190126613999951,43.819297606000077],[-91.189819836999959,43.81940977000005],[-91.189656209999953,43.81934835900006],[-91.189673640999956,43.819227711000053],[-91.18972258499997,43.819098133000068],[-91.189809326999978,43.818969640000034],[-91.189888037999935,43.818895799000074],[-91.190039657999989,43.818774930000075],[-91.190151226999944,43.818643579000025],[-91.190197577999982,43.818479549000074],[-91.190283157999943,43.818326919000071],[-91.19042740499998,43.818279128000029],[-91.190628710999988,43.818242629000054],[-91.190814401999944,43.818217762000074],[-91.191206773999966,43.818228047000048],[-91.191393031999951,43.818231855000079],[-91.191595581999991,43.818258443000047],[-91.191778331999956,43.81828523300004],[-91.191969058999973,43.818314810000061],[-91.192120178999971,43.818344798000055],[-91.192251669999962,43.818383592000032],[-91.192491170999972,43.818475765000073],[-91.192683199999976,43.818571299000041],[-91.192811920999986,43.818670353000073],[-91.192876817999945,43.818747125000073],[-91.193112642999949,43.81885367600006],[-91.193230835999941,43.818820901000038],[-91.193125639999948,43.818308570000056],[-91.192987242999948,43.818120699000076],[-91.192857407999952,43.817931879000071],[-91.192850482999972,43.817815210000049],[-91.193256887999951,43.817877140000064],[-91.19338395699998,43.817979740000055],[-91.193462387999944,43.818110039000032],[-91.193547428999977,43.818203810000057],[-91.193692161999991,43.818311304000076],[-91.193883171999971,43.818355216000043],[-91.194041309999989,43.818339235000053],[-91.194114357999979,43.818252320000056],[-91.194145810999942,43.818023123000046],[-91.194307727999956,43.818025590000047],[-91.19449556699999,43.818088949000071],[-91.194713917999991,43.818064139000057],[-91.194879428999968,43.818018402000064],[-91.194911978999983,43.817859459000033],[-91.195341230999986,43.817801197000051],[-91.195517817999985,43.817777229000058],[-91.195749418999981,43.817703719000065],[-91.195849577999979,43.817645800000037],[-91.196191228999965,43.817626940000025],[-91.196404457999961,43.817527619000032],[-91.196565615999987,43.817425118000074],[-91.196944168999948,43.81733114900004],[-91.197432168999967,43.817088489000071],[-91.197896287999981,43.816833207000059],[-91.197905484999978,43.817104722000067],[-91.198176755999953,43.817372581000029],[-91.198212582999986,43.817515502000049],[-91.198343670999975,43.817684511000039],[-91.198488490999978,43.817867981000063],[-91.198612084999979,43.817998126000077],[-91.198885772999972,43.818238668000049],[-91.199176535999982,43.818323260000057],[-91.199513865999961,43.818383029000074],[-91.199770246999947,43.818429036000055],[-91.200086929999941,43.818464678000055],[-91.200348818999942,43.818506959000047],[-91.200605300999939,43.818555319000041],[-91.200697176999938,43.818614914000079],[-91.200836103999961,43.818635721000078],[-91.201009101999944,43.818661167000073],[-91.201191958999971,43.818709218000038],[-91.201380772999983,43.818741312000043],[-91.201704234999966,43.818762916000026],[-91.202065912999956,43.818813641000077],[-91.202273538999975,43.818845536000026],[-91.202462353999977,43.818877627000063],[-91.202762088999975,43.818967602000043],[-91.20291190599994,43.81908866200007],[-91.202944572999968,43.81915417600004],[-91.202934609999943,43.819283718000065],[-91.202961277999975,43.819362919000071],[-91.202994713999942,43.81946702700003],[-91.203018836999945,43.819575777000068],[-91.203065313999957,43.81970472900008],[-91.203099927999972,43.819867868000074],[-91.20311809399999,43.819992574000025],[-91.203301092999936,43.82004743400006],[-91.203514090999988,43.820033853000041],[-91.203621393999981,43.819910106000066],[-91.203724701999988,43.819743256000038],[-91.203810869999984,43.819660604000035],[-91.203919010999982,43.819483529000081],[-91.20403023099999,43.819296278000081],[-91.204119840999965,43.819169550000026],[-91.204204070999936,43.818972319000068],[-91.204460230999985,43.818703099000061],[-91.20486809099998,43.818429429000048],[-91.20494948999999,43.818306059000065],[-91.205191461999959,43.818082329000049],[-91.205429591999973,43.818075289000035],[-91.205689010999947,43.818075459000056],[-91.205982381999945,43.818067908000046],[-91.206229562999965,43.818056008000042],[-91.206510270999956,43.818054338000081],[-91.20683029199995,43.818082748000052],[-91.207121560999951,43.818128178000052],[-91.207397581999942,43.818174028000044],[-91.207702601999983,43.818228088000069],[-91.207970992999947,43.818292299000063],[-91.20815128199996,43.818350718000033],[-91.208427301999961,43.818436379000048],[-91.208671291999963,43.81853109900004],[-91.208902723999984,43.818600418000074],[-91.20919231299996,43.818707448000055],[-91.209449302999985,43.818811309000068],[-91.209682402999988,43.818904929000041],[-91.209892793999984,43.81901472900006],[-91.210094372999947,43.819140549000053],[-91.210309121999956,43.81931731800006],[-91.210441221999986,43.819441619000031],[-91.210603241999991,43.819588218000035],[-91.210798872999987,43.81976742900008],[-91.210927531999971,43.819948389000047],[-91.211003732999984,43.820076389000064],[-91.211023256999965,43.820162358000061],[-91.211059322999972,43.820247890000076]]},"properties":{"OBJECTID":15,"Name":"BICENTENNIAL","HIKING":"Yes","Biking":"Yes","Difficulty":"Intermediate","Length":1.81798005,"Shape_Length":0.032125515608841131}},{"type":"Feature","id":16,"geometry":{"type":"LineString","coordinates":[[-91.211058665999985,43.820248994000053],[-91.21096651299996,43.820259448000058],[-91.210935412999959,43.820248378000031],[-91.210900293999941,43.820179649000067],[-91.210711113999992,43.820007989000032],[-91.210632412999985,43.819879329000059],[-91.210626882999975,43.819853928000043],[-91.210540961999982,43.819719399000064],[-91.210393021999948,43.819580599000062],[-91.210240642999963,43.819461319000027],[-91.210074013999986,43.819359149000036],[-91.209896392999951,43.81930692800006],[-91.209734542999968,43.819199138000045],[-91.209460872999955,43.818985308000038],[-91.209218212999986,43.818892949000031],[-91.208936411999957,43.818828909000047],[-91.208735081999976,43.81876193800008],[-91.208284971999944,43.818643328000064],[-91.208146172999989,43.818558839000048],[-91.207908121999935,43.818497649000051],[-91.207774278999977,43.818469372000038],[-91.207631601999935,43.818439228000045],[-91.207445362999977,43.818358519000071],[-91.20688260299994,43.818323478000025],[-91.206515641999943,43.818193219000079],[-91.206222602999958,43.818188699000075],[-91.205932421999989,43.818241589000081],[-91.20568130099997,43.818264720000059],[-91.205482400999983,43.818312079000066],[-91.205254830999991,43.818328418000078],[-91.205109071999971,43.81836110900008],[-91.20486809099998,43.818429429000048],[-91.204460230999985,43.818703099000061],[-91.204204070999936,43.818972319000068],[-91.204147920999958,43.819115489000069],[-91.20403023099999,43.819296278000081],[-91.203919010999982,43.819483529000081],[-91.203933590999952,43.819625859000041],[-91.203953960999968,43.819699279000076],[-91.203942981999944,43.819879909000065],[-91.20393569099997,43.820016460000033],[-91.203904671999965,43.820163219000051],[-91.203814901999976,43.820320379000066],[-91.203784231999975,43.82046722900003],[-91.203725641999938,43.820590700000025],[-91.203674000999968,43.820720449000078],[-91.203655730999969,43.820803519000037],[-91.203587840999944,43.820937459000049],[-91.203548531999957,43.820987329000047],[-91.203359510999974,43.821018849000041],[-91.203238560999978,43.821045419000029],[-91.203076827999951,43.821044491000066],[-91.20297537099998,43.821043909000025],[-91.202921980999974,43.821015749000026],[-91.202905379999947,43.820848949000037],[-91.202926170999945,43.820732939000038],[-91.202665063999973,43.820321934000049],[-91.202619020999975,43.820190234000052],[-91.202503327999978,43.81993065000006],[-91.20241185499998,43.819846581000036],[-91.20221603899995,43.819676432000051],[-91.202044643999955,43.819543182000075],[-91.201886970999965,43.819454800000074],[-91.201778421999961,43.819405205000066],[-91.201705647999972,43.819368096000062],[-91.201654706999989,43.819337190000056],[-91.201551006999978,43.819283256000062],[-91.201425297999947,43.819263846000069],[-91.201080864999938,43.819261724000057],[-91.200904408999975,43.819270709000079],[-91.200742239999954,43.819253823000054],[-91.200469786999975,43.81914555700007],[-91.200310696999964,43.819077996000033],[-91.19985687999997,43.819064019000052],[-91.199753962999978,43.819083215000035],[-91.199487829999953,43.819083209000041],[-91.199203011999941,43.819122685000025],[-91.198973771999988,43.819225285000073],[-91.198624409999979,43.819432909000056],[-91.198499019999986,43.819569700000045],[-91.198322830999984,43.819815210000058],[-91.198233978999951,43.81996558000003],[-91.198097189999942,43.82010161900007],[-91.197791419999987,43.82028409000003],[-91.197591418999991,43.820542919000047],[-91.197566694999978,43.82060167700007],[-91.197442554999952,43.820692787000041],[-91.197279195999954,43.820632106000062],[-91.197253968999973,43.82051929000005],[-91.197248094999964,43.820380395000029],[-91.197180285999991,43.820269585000062],[-91.197095297999965,43.819861384000035],[-91.197147686999983,43.819689304000065],[-91.19698817799997,43.819462330000079],[-91.19672892899996,43.819223610000051],[-91.196597329999975,43.819136099000048],[-91.196259619999978,43.818978689000062],[-91.195997328999965,43.818820026000026],[-91.195737975999975,43.818707744000051],[-91.195469591999938,43.818608883000081],[-91.195179263999989,43.818551076000062],[-91.194889821999936,43.81846790700007],[-91.194664109999962,43.818400619000045],[-91.194439487999944,43.818314010000051],[-91.194114357999979,43.818252320000056],[-91.194145810999942,43.818023123000046],[-91.194307727999956,43.818025590000047],[-91.19449556699999,43.818088949000071],[-91.194879428999968,43.818018402000064],[-91.194991608999942,43.818126499000073],[-91.195101997999984,43.818123739000043],[-91.195187327999975,43.81815399900006],[-91.195244909999985,43.818162879000056],[-91.195442612999955,43.818159282000067],[-91.195563255999957,43.81818346600005],[-91.195695332999946,43.818210472000032],[-91.195803228999978,43.818247959000075],[-91.195892239999978,43.818191199000069],[-91.19602249899998,43.818175199000052],[-91.196115037999959,43.818141339000078],[-91.19623489899999,43.818099850000067],[-91.196302199999991,43.818091880000054],[-91.196459029999971,43.817954409000038],[-91.196608560999948,43.817934129000037],[-91.19672381099997,43.817963970000051],[-91.196914579999941,43.818034390000037],[-91.197180208999953,43.81810118900006],[-91.197276598999963,43.818021060000035],[-91.19739427899998,43.817932709000047],[-91.197581032999949,43.817795330000081],[-91.197799303999943,43.817739000000074],[-91.197843378999949,43.817708329000027],[-91.197866853999983,43.81757790000006],[-91.197946038999987,43.817491325000049],[-91.198066059999974,43.817420106000043],[-91.198176755999953,43.817372581000029]]},"properties":{"OBJECTID":16,"Name":"HICKORY","HIKING":"Yes","Biking":"No","Difficulty":"Intermediate","Length":1.52497005,"Shape_Length":0.027041822490848782}},{"type":"Feature","id":17,"geometry":{"type":"MultiLineString","coordinates":[[[-91.191143064999949,43.82163758400003],[-91.191126993999944,43.821594661000063],[-91.19104076299999,43.821536027000036],[-91.190916540999979,43.821480718000032],[-91.190796926999951,43.821428681000043],[-91.190676080999935,43.821376107000049],[-91.190542778999941,43.821318391000034],[-91.190412490999961,43.821264687000053],[-91.190276886999982,43.821207366000067],[-91.190165080999975,43.821160105000047],[-91.190025325999954,43.821118959000046],[-91.189865424999937,43.821053034000045],[-91.189736236999977,43.821014913000056],[-91.189612765999982,43.820959026000025],[-91.189503327999944,43.820920373000035],[-91.189383376999956,43.820875224000076],[-91.189261267999939,43.820830613000055],[-91.189106356999957,43.820777736000025],[-91.189015463999965,43.820744878000028],[-91.188758552999957,43.820645434000028],[-91.188585760999956,43.820581270000048],[-91.188305243999991,43.820480194000027],[-91.188205762999985,43.820443026000078],[-91.187960715999964,43.820347793000053],[-91.187761682999962,43.820269349000057],[-91.187595686999941,43.820204508000074],[-91.187422079999976,43.820137100000068],[-91.187344960999951,43.820090834000041],[-91.187280969999961,43.820047849000048],[-91.187233591999984,43.820009918000039],[-91.187193257999979,43.819956460000071],[-91.187157960999969,43.819886000000054],[-91.187115828999936,43.819791211000052],[-91.187081406999937,43.819715087000077],[-91.187030455999945,43.819587794000029],[-91.18700324699995,43.819509462000042],[-91.186937763999936,43.819425027000079],[-91.186881761999985,43.819415002000028],[-91.186754568999959,43.819426357000054],[-91.186650129999975,43.819434578000028],[-91.18655161199996,43.819442739000067],[-91.18645089499995,43.819439489000047],[-91.186363877999952,43.819430383000054],[-91.186251068999979,43.81941439700006],[-91.186122532999946,43.819401431000074],[-91.185945029999971,43.819391317000054],[-91.185832695999977,43.819403976000046],[-91.185764763999941,43.819413026000063],[-91.185684822999974,43.819423086000029],[-91.185637830999951,43.819442148000064],[-91.185594030999937,43.819492253000078],[-91.185566187999939,43.819511682000041],[-91.185531469999944,43.819550850000041],[-91.185499550999964,43.819587418000026],[-91.185476763999986,43.81961302600007],[-91.185472617999949,43.819665659000066],[-91.185440811999968,43.819729301000052],[-91.185426461999953,43.819829467000034],[-91.185439931999952,43.819901271000049],[-91.185470334999991,43.820058336000045],[-91.185536164999974,43.82021429100007],[-91.185543828999982,43.82028335900003],[-91.185574548999966,43.820340202000068],[-91.185622971999976,43.820394005000026],[-91.185691155999962,43.820449033000045],[-91.185761060999937,43.820491183000058],[-91.185834686999954,43.820521863000067],[-91.185927764999974,43.820538052000074],[-91.185996715999977,43.820531626000047],[-91.186089232999961,43.820519241000056],[-91.186152375999939,43.820518591000052],[-91.186239280999985,43.820521983000049],[-91.186393556999974,43.820538971000076],[-91.186525986999982,43.820549038000081],[-91.186697734999939,43.82056749700007],[-91.186842517999935,43.820587217000025],[-91.187002516999939,43.820594142000061],[-91.187158766999971,43.820611108000037],[-91.187366460999954,43.82063468900003],[-91.187538918999962,43.820672921000039],[-91.187634447999983,43.820713377000061],[-91.18773865899999,43.820793755000068],[-91.187825276999945,43.820882888000028],[-91.187924129999942,43.820991900000081],[-91.18798075899997,43.82106133700006],[-91.188064978999989,43.821229088000052],[-91.188130315999956,43.821339875000035],[-91.188170446999948,43.821374723000076],[-91.188251860999969,43.821449440000038],[-91.188361508999947,43.821494595000047],[-91.188544922999938,43.821506111000076],[-91.188659172999962,43.821522185000049],[-91.18877910599997,43.821532880000063],[-91.189054624999983,43.821558855000035],[-91.189114270999937,43.821561057000054],[-91.189248957999951,43.821540453000068],[-91.189461748999975,43.821591330000047],[-91.189621568999939,43.821621992000075],[-91.189767214999961,43.821642519000079],[-91.190089284999942,43.821704691000036],[-91.190228882999975,43.821791463000068],[-91.190372513999989,43.821946479000076],[-91.190510460999974,43.822160673000042],[-91.190649872999984,43.82238355100003],[-91.190681960999939,43.822447571000055],[-91.19068751399999,43.822533978000081],[-91.190691662999939,43.822597942000073],[-91.190710526999965,43.822659490000035],[-91.190758524999978,43.822691384000052],[-91.190835088999961,43.822703930000046],[-91.190892482999971,43.822678567000025],[-91.19097241299994,43.822617854000043]],[[-91.190649872999984,43.82238355100003],[-91.190686247999963,43.822495884000034],[-91.190571682999973,43.822558039000057],[-91.190456668999957,43.822597333000033],[-91.190325845999951,43.822635524000077],[-91.190261293999981,43.82269842900007],[-91.190214684999944,43.822737018000055],[-91.190075681999986,43.822782189000066],[-91.189946127999974,43.822863638000058],[-91.189849979999963,43.822925601000065],[-91.189717333999965,43.823005090000038],[-91.189556872999958,43.823142025000038],[-91.189472036999973,43.823243883000032],[-91.189386637999974,43.823317167000027],[-91.189311950999979,43.823399867000035],[-91.189285415999962,43.823477496000066],[-91.189472227999943,43.823399271000028],[-91.189644601999987,43.823318368000059],[-91.18989672899994,43.823216518000038],[-91.190069932999961,43.823146549000057],[-91.190209378999953,43.823135283000056],[-91.190325980999944,43.823127614000043]],[[-91.189284302999965,43.823477963000073],[-91.189067317999957,43.823568823000073],[-91.18886665499997,43.82365369300004],[-91.187746527999991,43.824104298000066],[-91.186430670999982,43.824628180000047],[-91.185990183999991,43.824831036000035],[-91.184812071999943,43.825318307000032],[-91.184771958999988,43.825354180000033],[-91.184750928999961,43.825391828000079],[-91.18474079899994,43.825430350000033],[-91.184747859999959,43.825523480000072],[-91.184769972999959,43.825738366000053],[-91.18478393099997,43.825926349000042],[-91.184809134999966,43.826102338000055],[-91.184867828999984,43.826199458000076],[-91.184923136999942,43.826275556000041],[-91.184978511999986,43.826343405000046],[-91.185095124999975,43.826405727000065],[-91.185164659999941,43.82641764400006],[-91.185222346999979,43.826410193000072],[-91.185376707999978,43.826400302000025],[-91.185596763999968,43.826398027000039],[-91.185754779999968,43.826364263000073],[-91.185849656999949,43.826343990000055],[-91.186095679999937,43.826164996000045],[-91.186289062999947,43.825954110000055],[-91.186307029999966,43.825899796000044],[-91.186475101999974,43.82570744800006],[-91.186542035999935,43.825664326000037],[-91.186736293999957,43.825610273000052],[-91.186934716999986,43.825587631000076],[-91.187074793999955,43.82560129400008],[-91.187212183999975,43.825641236000081],[-91.187354150999965,43.825661350000075],[-91.187428470999976,43.825651593000032],[-91.187477533999981,43.82562051900004],[-91.187559763999957,43.825523027000031],[-91.18760872699994,43.825471717000028],[-91.187691254999947,43.825410805000047],[-91.187792630999979,43.825351142000045],[-91.18785834199997,43.825319174000072],[-91.187919785999952,43.825286173000052],[-91.187980763999974,43.825230026000042],[-91.188010065999947,43.825132111000073],[-91.188075066999943,43.824889110000072],[-91.188140747999967,43.824776812000039],[-91.188249067999948,43.824662110000077],[-91.188384680999945,43.824563827000077],[-91.188536067999962,43.824454110000033],[-91.188881870999978,43.824286181000048],[-91.189224989999957,43.824215385000059],[-91.189435810999953,43.824200621000045],[-91.189610890999973,43.824226506000059],[-91.189750068999956,43.82426750500008],[-91.189966402999971,43.824370283000064],[-91.190082949999976,43.824397129000033],[-91.190292208999949,43.824429131000045],[-91.190445047999958,43.824460638000062],[-91.19055283299997,43.824537856000063],[-91.190647138999964,43.824649295000029],[-91.190741220999939,43.824749303000033],[-91.190836880999939,43.824795947000041],[-91.190953590999982,43.824842373000081],[-91.191009520999955,43.824876090000032],[-91.191095071999939,43.82494379700006],[-91.191167070999938,43.824962115000062],[-91.191208532999951,43.824965574000032],[-91.191307355999982,43.824905424000065],[-91.191414065999936,43.824837166000066],[-91.191498291999949,43.824786245000041],[-91.191575764999982,43.824740027000075],[-91.191693072999954,43.82464111400003],[-91.191767034999941,43.824553860000037],[-91.191850142999954,43.824442884000064],[-91.191909794999958,43.824365678000049],[-91.191933939999956,43.824298627000076],[-91.192000046999965,43.824198616000047],[-91.192082286999948,43.82412830100003],[-91.192167870999981,43.824062037000033],[-91.192252619999977,43.824000224000031],[-91.192324688999975,43.823939040000027],[-91.192436683999972,43.823832221000032],[-91.192504012999962,43.823741905000077],[-91.192504772999939,43.823639997000043],[-91.192473076999988,43.823491113000046],[-91.192469502999984,43.823404699000037],[-91.192396255999938,43.823402270000031],[-91.19234333299994,43.823387575000027],[-91.192300596999985,43.823355628000058],[-91.192268271999978,43.823317856000074],[-91.19224928899996,43.823289473000045],[-91.192185728999959,43.823269172000039],[-91.192114426999979,43.823256573000037],[-91.192085560999942,43.823260683000058],[-91.192037975999938,43.823249743000076],[-91.191990202999989,43.823229279000032],[-91.191929612999957,43.823226095000052],[-91.191861542999959,43.823243948000027],[-91.191780694999977,43.823280986000043],[-91.191725404999943,43.823279652000053],[-91.191667106999944,43.82325929700005],[-91.191627039999958,43.82322922600008],[-91.191570169999977,43.823147886000072],[-91.191553780999982,43.823117571000068],[-91.191500521999956,43.823085731000049],[-91.191405576999955,43.823075282000048],[-91.19133442499998,43.823070302000076],[-91.191289058999985,43.82303838100006],[-91.191256395999972,43.82298346400006],[-91.191211065999937,43.822953448000078],[-91.191145063999954,43.822942699000066],[-91.191060681999943,43.822934046000057],[-91.191031740999961,43.822934345000078]],[[-91.191924312999959,43.823224244000073],[-91.191996289999963,43.823137760000066],[-91.192002678999984,43.823061482000071],[-91.192017185999987,43.822996552000063],[-91.192042707999974,43.82295627600007],[-91.192086870999958,43.82292723900008],[-91.19216486199997,43.822878798000033],[-91.192187563999937,43.822829025000033],[-91.192193275999955,43.822718458000054],[-91.192200453999988,43.822682182000051],[-91.192269647999979,43.822588105000079],[-91.19237785699994,43.822470761000034],[-91.192471258999944,43.822403107000071],[-91.192539400999976,43.822389064000049],[-91.192676742999936,43.822414317000039],[-91.192730680999944,43.822480445000053],[-91.192747783999948,43.822546953000028],[-91.192744140999991,43.822628919000067],[-91.192683064999983,43.822734345000072],[-91.192579780999949,43.822834491000037],[-91.192458903999977,43.822976736000044],[-91.192338029999974,43.823118980000061],[-91.192279809999945,43.823235808000049],[-91.192249252999943,43.823287568000069]],[[-91.192470189999938,43.823403613000039],[-91.19248086999994,43.823369895000042],[-91.19251120399997,43.823338962000037],[-91.192568072999961,43.823303872000054],[-91.192636461999939,43.823269638000056],[-91.192666697999982,43.823257028000057],[-91.192675267999959,43.823126999000067],[-91.192705286999967,43.823022979000029],[-91.192752765999955,43.822992026000065],[-91.19283661999998,43.822967771000037],[-91.192902197999956,43.822921877000056],[-91.192979763999972,43.822861027000044],[-91.193071753999959,43.82284760400006],[-91.193172082999979,43.822831851000046],[-91.193354603999978,43.822799420000081],[-91.193558888999974,43.822762320000038],[-91.193715864999945,43.822741929000074],[-91.193854235999936,43.822725839000043],[-91.194022214999961,43.822745344000055],[-91.194083195999951,43.822745792000035],[-91.194134842999972,43.822753370000044],[-91.194194745999937,43.822755376000032],[-91.194256121999956,43.822740292000049],[-91.194313353999974,43.822698985000045],[-91.194388080999943,43.822646113000076],[-91.194455180999967,43.822581400000047]]]},"properties":{"OBJECTID":17,"Name":"PRAIRIE LOOP","HIKING":"Yes","Biking":"Yes","Difficulty":"Easy","Length":2.15809011,"Shape_Length":0.038494779596318474}},{"type":"Feature","id":18,"geometry":{"type":"MultiLineString","coordinates":[[[-91.185475627999949,43.819613147000041],[-91.185331626999982,43.819734147000077],[-91.185273625999969,43.81984914800006],[-91.185253625999962,43.819964147000064],[-91.185256624999965,43.820038148000037],[-91.185342624999976,43.820136148000074],[-91.185377623999955,43.820291148000081],[-91.185400013999981,43.820366842000055],[-91.185423623999952,43.820525148000058],[-91.185353624999948,43.820523149000053],[-91.185310624999943,43.820480149000048],[-91.185293624999986,43.820358148000025],[-91.185230624999974,43.820265148000033],[-91.185139624999977,43.82016014800007],[-91.185101625999948,43.819997147000038],[-91.185030625999957,43.81989414700007],[-91.18489808299995,43.819878900000049],[-91.184815625999988,43.819830147000062],[-91.184745625999938,43.819738146000077],[-91.184702625999989,43.819683146000045],[-91.184626624999964,43.819744147000051],[-91.184526625999979,43.819764147000058],[-91.184448625999948,43.819763145000081],[-91.184445625999956,43.819863146000046],[-91.184533830999953,43.819899803000055],[-91.184599625999965,43.819927146000055],[-91.184757624999975,43.819995147000043],[-91.184885624999936,43.820181147000028],[-91.184825624999974,43.820337148000078],[-91.184810623999965,43.820620148000046],[-91.184805622999988,43.820780149000029],[-91.184756622999942,43.820966149000071],[-91.184845621999955,43.821021149000046],[-91.18492102099998,43.820934604000058],[-91.18500062399994,43.820739149000076],[-91.184992531999967,43.820505965000052],[-91.184973623999952,43.820416148000049],[-91.184987624999962,43.820351148000043],[-91.185011163999945,43.82021596800007],[-91.185022624999988,43.820150147000049],[-91.185073202999945,43.820252766000067],[-91.185118623999983,43.820454148000067],[-91.185156914999936,43.820698251000067],[-91.185192623999967,43.820931150000035],[-91.185114623999937,43.821020149000049],[-91.184889622999947,43.821166150000067],[-91.184960621999949,43.821252149000031],[-91.185175622999964,43.821252150000078],[-91.185258621999935,43.821265150000045],[-91.185624621999978,43.821270150000032],[-91.185824625999942,43.821226464000063],[-91.186080336999964,43.82116071400003],[-91.186581624999974,43.821054151000055],[-91.186915623999937,43.821038152000028],[-91.18713162499995,43.820978152000066],[-91.187451624999937,43.821022153000058],[-91.187559934999967,43.82119450700003],[-91.187655821999954,43.821316573000047],[-91.18774353699996,43.821329818000038],[-91.187847748999957,43.821361996000064],[-91.187999209999987,43.821387912000034],[-91.188169308999989,43.821374850000041]],[[-91.187655821999954,43.821316573000047],[-91.187709624999968,43.821376154000063],[-91.187802623999971,43.821552154000074],[-91.187795624999978,43.821638153000038],[-91.187769624999987,43.821769154000037],[-91.18787462399996,43.821840154000029],[-91.188049623999973,43.821896155000047],[-91.188309624999988,43.821909155000071],[-91.188430623999977,43.821918156000038],[-91.188612165999984,43.821901032000028],[-91.188741623999988,43.821871156000043],[-91.188612624999962,43.821798157000046],[-91.188438624999947,43.821777155000063],[-91.188463623999951,43.821743155000036],[-91.188569624999957,43.821744156000079],[-91.188830626999959,43.821771155000079],[-91.189040624999961,43.821784156000035],[-91.189408624999942,43.821809157000075],[-91.189647040999944,43.821811240000045],[-91.189771018999977,43.821848911000075],[-91.189860624999937,43.82200315700004],[-91.189853504999974,43.822129576000066],[-91.189832625999941,43.822168158000068],[-91.189796624999985,43.822272158000033],[-91.189784330999942,43.822337726000058],[-91.189781624999966,43.822352158000058],[-91.189751223999963,43.822388539000031],[-91.189691248999964,43.822476294000069],[-91.189651476999984,43.822557869000036],[-91.18963062399996,43.822611159000076],[-91.189519528999938,43.822682723000071],[-91.189388736999945,43.822769541000071],[-91.189353143999938,43.822793627000067],[-91.189312119999954,43.82284938600003],[-91.189253090999955,43.82285857100004],[-91.189175201999944,43.822875002000046],[-91.189104622999992,43.822915159000047],[-91.18908315799996,43.82294892200008],[-91.18898196799995,43.822989569000072],[-91.188777622999964,43.823092158000065],[-91.188485471999968,43.823211380000032],[-91.18832742699999,43.823259668000048],[-91.188227519999941,43.823297852000053],[-91.188164513999936,43.823305647000041],[-91.188099900999987,43.823332036000068],[-91.188026151999964,43.823395671000071],[-91.187984061999941,43.823463268000069],[-91.187919700999942,43.82350251500003],[-91.187819723999951,43.82349683800004],[-91.187714076999953,43.823528918000079],[-91.187611537999942,43.823572216000059],[-91.187493138999969,43.823608724000053],[-91.187429265999981,43.823654758000032],[-91.187374518999945,43.823681045000058],[-91.187293781999983,43.823690450000072],[-91.187254426999971,43.823696572000074],[-91.187219300999971,43.823716940000054],[-91.187197903999959,43.82373288000008],[-91.187162439999952,43.823736103000044],[-91.187093175999962,43.823726814000054],[-91.187029973999984,43.823724607000031],[-91.186949629999958,43.823754015000077],[-91.186883474999945,43.823762405000025],[-91.18681857699994,43.823777527000061],[-91.186710585999947,43.823797779000074],[-91.186633040999936,43.823839206000059],[-91.186602023999967,43.82385113600003],[-91.186572078999973,43.823854719000053],[-91.186546559999954,43.823853494000048],[-91.186521787999936,43.82384839100007],[-91.186490474999971,43.823839233000058],[-91.186433077999936,43.823835673000076],[-91.186343569999963,43.823873150000054],[-91.186268903999974,43.823895005000054],[-91.186185927999986,43.823886205000065],[-91.185994051999955,43.823864603000061],[-91.185931527999969,43.82384667000008],[-91.185899771999971,43.823837709000031],[-91.185832972999947,43.823853400000075],[-91.185733020999976,43.823889440000073],[-91.185649210999941,43.823893161000058],[-91.185590028999968,43.823889529000041],[-91.185514191999971,43.823902410000073],[-91.185432224999943,43.823949696000057],[-91.185405508999963,43.823996413000032],[-91.18539642799999,43.824036518000071],[-91.18541204099995,43.824077798000076],[-91.185373262999974,43.824113207000039],[-91.185350365999966,43.824128669000061],[-91.185335253999938,43.824187906000077],[-91.185339630999977,43.824260024000068],[-91.185328944999981,43.824287908000031],[-91.185277103999965,43.824317638000025],[-91.185228758999983,43.824393346000079],[-91.185230894999961,43.824451912000029],[-91.185208041999942,43.824494303000051],[-91.185192012999948,43.824502452000047],[-91.185155572999975,43.824541306000071],[-91.18512939499999,43.824599445000047],[-91.18508180699996,43.824599204000037],[-91.185038590999966,43.82460965100006],[-91.184970612999962,43.824633156000061],[-91.184927048999953,43.824658670000076],[-91.18484854999997,43.824681627000075],[-91.184748271999979,43.824701235000077],[-91.184715131999951,43.824722296000061],[-91.184710326999948,43.824730727000031],[-91.184656916999984,43.824734267000053],[-91.18454479199994,43.824754772000063],[-91.18445728599994,43.824737809000055],[-91.184371819999967,43.824741069000027],[-91.184314542999971,43.824755948000075],[-91.184265093999954,43.824750503000075],[-91.184165794999956,43.824719371000072],[-91.184047159999977,43.82470868300004],[-91.183899390999954,43.824722110000039],[-91.183846484999947,43.824689172000035],[-91.183758649999959,43.824671684000066],[-91.183492797999975,43.824622896000051],[-91.183408330999953,43.824617853000063],[-91.183357767999951,43.824635055000044],[-91.183285062999971,43.824677593000047],[-91.183249342999943,43.824698493000028],[-91.183229687999983,43.824740117000033],[-91.183278358999985,43.824778171000048],[-91.183367200999953,43.824858587000051],[-91.183495979999975,43.824986769000077],[-91.183552273999965,43.825054345000069],[-91.183715788999962,43.825170655000079],[-91.183796140999959,43.825307747000068],[-91.183827034999979,43.825368319000063],[-91.183857771999953,43.825500894000072],[-91.183855095999945,43.825571066000066],[-91.18378970599997,43.825665220000076],[-91.183729300999971,43.825752199000078],[-91.183679418999986,43.825807988000065],[-91.183597129999953,43.82586350400004],[-91.183493014999954,43.825946912000063],[-91.18341163599996,43.826012107000054],[-91.183370828999955,43.826086113000031],[-91.183286467999949,43.826186801000063],[-91.183268532999989,43.82625616200005],[-91.183316458999968,43.826296270000057],[-91.183385235999936,43.826313289000041],[-91.183474740999941,43.826335437000068],[-91.183585175999951,43.826341336000041],[-91.183672427999966,43.826326650000055],[-91.183770774999971,43.826310097000032],[-91.183923843999935,43.826284334000036],[-91.184003823999944,43.826270872000066],[-91.18409735399996,43.826266624000027],[-91.184238908999987,43.826260195000032],[-91.184276379999972,43.826258495000047],[-91.184383978999961,43.826265343000046],[-91.184463223999956,43.826278725000066],[-91.184502107999947,43.826285291000033],[-91.184530130999974,43.826270836000049],[-91.18459072099995,43.826257114000043],[-91.184655206999992,43.826274312000066],[-91.184685578999961,43.82631329700007],[-91.184740034999948,43.826322264000055],[-91.184794256999965,43.826319325000043],[-91.184844199999986,43.826349772000071],[-91.184889277999957,43.826383842000041],[-91.18496008599999,43.826387876000069],[-91.185025843999938,43.826386009000032],[-91.185076749999951,43.826395199000046],[-91.185164207999946,43.826416695000034],[-91.185335395999971,43.826401972000042],[-91.185509662999948,43.826397974000031],[-91.185596312999962,43.82639707800007],[-91.185690689999944,43.826376912000057],[-91.185849204999954,43.82634304100003],[-91.185953325999947,43.826267289000043],[-91.186095227999942,43.826164048000066],[-91.186288610999952,43.825953161000029],[-91.186305876999938,43.825899931000038],[-91.186379369999941,43.825917036000078],[-91.18649038999996,43.825894056000038],[-91.186617591999948,43.825840219000042],[-91.186688612999944,43.825810161000049],[-91.186993610999991,43.82577116200008],[-91.187180611999963,43.825792163000074],[-91.187291094999978,43.825826253000059],[-91.187427438999975,43.825858198000049],[-91.187502025999947,43.825870696000038],[-91.187540611999964,43.82587716300003],[-91.187576612999976,43.825867163000055],[-91.18764205399998,43.825794791000078],[-91.187723613999935,43.825696163000032],[-91.187762132999978,43.825635916000067],[-91.187801613999966,43.825574163000056],[-91.187935072999949,43.825469386000066],[-91.18795249499999,43.82545570800005],[-91.18817461499998,43.825238161000073],[-91.188433615999941,43.825037162000058],[-91.188712616999965,43.82476216200007],[-91.188938617999952,43.824550162000037],[-91.189091229999974,43.824398755000061],[-91.18918961899999,43.824322162000044],[-91.189353619999963,43.824274161000062],[-91.189500450999958,43.824288294000041],[-91.189543619999938,43.824295161000066],[-91.189740960999984,43.82435788600003],[-91.189979802999972,43.824440335000077],[-91.190076619999957,43.824477164000029],[-91.19032662099994,43.824534163000067],[-91.190481619999957,43.824586163000049],[-91.19061561999996,43.82469416400005],[-91.190638342999989,43.824733471000059],[-91.190740768999945,43.824748354000064]],[[-91.18795249499999,43.82545570800005],[-91.187973632999956,43.825416442000062],[-91.187983644999974,43.825397845000055],[-91.187994679999974,43.825327604000051],[-91.187979614999961,43.825269162000041],[-91.187979614999961,43.825230162000025]],[[-91.190637159999937,43.82473142200007],[-91.190689618999954,43.824822165000057],[-91.190796617999979,43.825047166000047],[-91.190784618999942,43.825304165000034],[-91.190776616999983,43.825424167000051],[-91.190811618999987,43.825494166000055],[-91.190886711999951,43.82551847700006],[-91.191001591999964,43.825505382000074],[-91.191078940999944,43.825465880000081],[-91.191139316999966,43.825399761000028],[-91.19113761899996,43.825317167000037],[-91.191123155999946,43.825194509000028],[-91.191118618999951,43.825086166000062],[-91.191180385999985,43.825052584000048],[-91.191221619999965,43.825030166000033],[-91.191217361999975,43.82500071100003],[-91.191208532999951,43.824965574000032]]]},"properties":{"OBJECTID":18,"Name":"TWISTER","HIKING":"Yes","Biking":"Yes","Difficulty":"Easy","Length":1.91396999,"Shape_Length":0.033558160198064117}},{"type":"Feature","id":19,"geometry":{"type":"LineString","coordinates":[[-91.186581624999974,43.821054151000055],[-91.186439691999965,43.821160832000032],[-91.186223804999941,43.821222598000077],[-91.186137300999974,43.821340190000058],[-91.186001278999981,43.821448765000071],[-91.185838073999946,43.821568100000036],[-91.185808072999976,43.821553100000074],[-91.18563007399996,43.821579100000065],[-91.185543072999963,43.821617099000036],[-91.185394073999987,43.821632100000045],[-91.185334072999979,43.821652100000051],[-91.185415072999945,43.821687100000076],[-91.185547072999952,43.821702100000039],[-91.185668587999942,43.821708028000046],[-91.185792072999959,43.821705100000031],[-91.18598616099996,43.821687679000036],[-91.186097073999974,43.821684101000073],[-91.186079073999963,43.821717101000047],[-91.185996443999954,43.821774702000027],[-91.185922744999971,43.821781810000061],[-91.185796233999952,43.821799184000042],[-91.185727071999963,43.82180610100005],[-91.185688073999984,43.821801100000073],[-91.185556542999961,43.821819720000065],[-91.18553727799997,43.821843734000026],[-91.185572254999954,43.821866000000057],[-91.18562658899998,43.821869013000025],[-91.185746746999939,43.82187372900006],[-91.185889738999947,43.821868685000027],[-91.186088521999977,43.821857111000043],[-91.186188828999946,43.821856078000053],[-91.186223408999979,43.821858104000057],[-91.186289347999946,43.821865761000026],[-91.186384744999941,43.821865969000044],[-91.186419581999985,43.82188109100008],[-91.186448097999971,43.821909376000065],[-91.186492893999969,43.821929158000046],[-91.186593612999957,43.821951637000041],[-91.18664707399995,43.821994103000065],[-91.18669508499994,43.822019823000062],[-91.18673789799999,43.822042759000055],[-91.186787073999938,43.822069103000047],[-91.186843154999963,43.822112433000029],[-91.186924032999968,43.822191460000056],[-91.186937130999979,43.822242052000036],[-91.186905466999974,43.822254716000032],[-91.186741947999963,43.822222732000057],[-91.186617073999969,43.822184103000041],[-91.18638507299994,43.822173102000079],[-91.186215750999963,43.822178514000029],[-91.186010668999984,43.822163954000075],[-91.185846229999981,43.822165647000077],[-91.18568535899999,43.822181594000028],[-91.185488071999941,43.822178100000031],[-91.185350071999949,43.822182101000067],[-91.185224070999936,43.822190101000047],[-91.185177498999963,43.82219992000006],[-91.185176298999977,43.822222558000078],[-91.185214517999952,43.822242410000058],[-91.185333306999951,43.822269372000051],[-91.18535607199999,43.822284101000037],[-91.185416419999967,43.822305826000047],[-91.185413410999956,43.822320147000028],[-91.185369244999947,43.822332510000081],[-91.185253903999978,43.822321789000057],[-91.185130293999975,43.822308771000053],[-91.185031512999956,43.822303834000081],[-91.184964045999948,43.822302145000037],[-91.184893336999949,43.822302873000069],[-91.18485915499997,43.822321088000081],[-91.184874351999952,43.82234117400003],[-91.184922646999951,43.822371639000039],[-91.184971071999939,43.822385101000066],[-91.185179070999936,43.822438101000046],[-91.185332047999964,43.822448403000067],[-91.185475203999943,43.822451692000072],[-91.18564145299996,43.822458316000052],[-91.185742017999985,43.822470380000027],[-91.185810070999935,43.82247310200006],[-91.185974324999961,43.82249061300007],[-91.186070189999953,43.822514633000026],[-91.186136316999978,43.822531815000048],[-91.186138925999956,43.822567022000044],[-91.186170420999986,43.82259338700004],[-91.186167646999991,43.82261961200004],[-91.186089065999965,43.82263828400005],[-91.185972103999973,43.822628771000041],[-91.185863346999952,43.822625757000026],[-91.185685973999966,43.82263534100008],[-91.185557007999989,43.822686927000063],[-91.185302947999958,43.822746527000049],[-91.185146070999963,43.822780102000081],[-91.185042930999941,43.822841008000069],[-91.184931267999957,43.822906946000046],[-91.184954839999989,43.822922061000043],[-91.185012177999965,43.822919357000046],[-91.185113994999938,43.822890873000063],[-91.185330791999945,43.822863516000041],[-91.185461988999975,43.822846393000077],[-91.185657078999952,43.822815435000052],[-91.185894594999979,43.822768651000047],[-91.185983325999985,43.822761729000035],[-91.186147462999941,43.822766835000039],[-91.186321794999969,43.822763510000073],[-91.186403307999967,43.822740615000043],[-91.186436778999962,43.822764420000055],[-91.186436069999957,43.822828103000063],[-91.186407979999956,43.82284698400008],[-91.186357017999967,43.822873270000059],[-91.186302825999974,43.822879344000057],[-91.186202070999968,43.822883104000027],[-91.186153739999952,43.822905356000035],[-91.186144011999943,43.82291753700008],[-91.186230069999965,43.822918103000063],[-91.186358174999953,43.822926472000063],[-91.186405416999946,43.822929558000055],[-91.186399479999977,43.822946491000039],[-91.186379070999976,43.822957104000068],[-91.186310956999989,43.82295325900003],[-91.186255069999959,43.822950104000029],[-91.186162069999966,43.822971104000032],[-91.186117069999966,43.82298710300006],[-91.18612607099999,43.823002104000068],[-91.186141496999937,43.823022805000051],[-91.186192033999987,43.823032820000037],[-91.186244069999987,43.823051103000068],[-91.186227974999952,43.823066679000078],[-91.18617846099994,43.823081999000067],[-91.186097070999949,43.823084103000042],[-91.185963045999983,43.82310861600007],[-91.185878509999952,43.823117427000057],[-91.185801365999964,43.823120837000033],[-91.185691491999989,43.823114941000028],[-91.18562807099994,43.823106104000033],[-91.185565004999944,43.823115225000038],[-91.185513712999978,43.823147537000068],[-91.185481068999991,43.823168103000057],[-91.185491068999966,43.823172103000047],[-91.185575466999978,43.823152511000046],[-91.185658966999938,43.823148765000042],[-91.185747441999979,43.82316151100008],[-91.18580697799996,43.823191992000034],[-91.18586004399998,43.823234299000035],[-91.185869202999982,43.823262192000072],[-91.185855069999945,43.823296104000065],[-91.185799802999952,43.823300312000072],[-91.185718360999942,43.823306512000045],[-91.185540807999985,43.823329797000042],[-91.185377664999976,43.823357134000048],[-91.185263796999948,43.823381479000034],[-91.185121067999944,43.823439103000055],[-91.184957805999943,43.823510728000031],[-91.184853699999962,43.82355920100008],[-91.18476932699997,43.823612835000063],[-91.18473705599996,43.823653552000053],[-91.184730732999981,43.823674751000055],[-91.184686067999962,43.823748103000071],[-91.184709065999982,43.823821104000046],[-91.184708232999981,43.823891355000058],[-91.184718065999959,43.82398510400003],[-91.18473768299998,43.824036599000067],[-91.184758065999972,43.824090104000049],[-91.184738477999986,43.824116221000054],[-91.184722360999956,43.824170628000047],[-91.184732210999982,43.824232530000074],[-91.184755934999941,43.824263978000033],[-91.184784993999983,43.824278503000073],[-91.18483820299997,43.82427367300005],[-91.184872065999969,43.824275104000037],[-91.184878065999953,43.824293105000038],[-91.184848907999935,43.824324855000043],[-91.184833065999953,43.824342104000038],[-91.18484506499999,43.824358104000055],[-91.184843064999939,43.824379105000048],[-91.184796115999973,43.824418644000048],[-91.184763238999949,43.824458094000079],[-91.184744063999972,43.824481105000075],[-91.184690132999947,43.824519890000033],[-91.184677444999977,43.824543837000078],[-91.184702625999989,43.824569775000043],[-91.184762468999963,43.824555775000078],[-91.184799485999974,43.824565144000076],[-91.184808431999954,43.824597267000058],[-91.184836784999959,43.82461722000005],[-91.184894294999935,43.824614247000056],[-91.18493123899998,43.824609286000054],[-91.184957125999972,43.824625419000029],[-91.184927048999953,43.824658670000076],[-91.18484854999997,43.824681627000075],[-91.184770063999963,43.824696105000044],[-91.184748271999979,43.824701235000077],[-91.184710326999948,43.824730727000031],[-91.184712684999965,43.824747105000029],[-91.18473107799997,43.82476239600004],[-91.184772329999987,43.824769117000073],[-91.184816754999986,43.824769850000052],[-91.184850063999988,43.824790943000039],[-91.18486674199994,43.824802679000072],[-91.184902966999971,43.824804688000029],[-91.184955658999968,43.824807718000045],[-91.184980349999989,43.824808655000027],[-91.185026395999955,43.824808182000027],[-91.185089064999943,43.824795106000067],[-91.185111767999956,43.824800158000073],[-91.185150033999946,43.824822390000065],[-91.185150757999963,43.824859298000035],[-91.185119064999981,43.82488010600008],[-91.184990844999959,43.824944998000035],[-91.184814629999948,43.825032619000069],[-91.184725898999943,43.82508516200005],[-91.184728200999984,43.825134967000054],[-91.184748384999978,43.825207283000054],[-91.184796481999967,43.825294442000029],[-91.184812071999943,43.825318307000032]]},"properties":{"OBJECTID":19,"Name":"OB1","HIKING":"Yes","Biking":"Yes","Difficulty":"Intermediate","Length":0.949352026,"Shape_Length":0.017801269418044333}},{"type":"Feature","id":20,"geometry":{"type":"LineString","coordinates":[[-91.201654706999989,43.819337190000056],[-91.201330233999954,43.819346290000055],[-91.201227854999956,43.81935879100007],[-91.201139679999983,43.81934113300008],[-91.201078312999982,43.819331770000076],[-91.20103334099997,43.81935296000006],[-91.200989270999969,43.819369853000069],[-91.200909528999944,43.819379259000073],[-91.200733269999944,43.81939824400007],[-91.200593727999944,43.81942756400008],[-91.200445306999939,43.819456977000073],[-91.20042168599997,43.819460082000035],[-91.200281731999951,43.81946868600005],[-91.200091085999986,43.819508540000072],[-91.199942763999957,43.819542952000063],[-91.199847787999943,43.819580381000037],[-91.199776291999967,43.819607562000044],[-91.199622845999954,43.819682040000032],[-91.199552463999964,43.819715640000027],[-91.199419620999947,43.819784186000049],[-91.199315856999988,43.819876008000051],[-91.199179818999937,43.819982454000069],[-91.199102927999945,43.820036128000027],[-91.199049559999935,43.820081697000035],[-91.199018660999968,43.820165614000075],[-91.198961351999969,43.820261239000047],[-91.19890067099999,43.820336178000048],[-91.198835567999936,43.820436885000049],[-91.198750632999975,43.820532797000055],[-91.19866972899996,43.820632954000075],[-91.198639768999954,43.82066470400008],[-91.198587078999935,43.820744561000026],[-91.198537278999936,43.820820816000037],[-91.19849517199998,43.820886987000051],[-91.198462535999965,43.820933055000069],[-91.198435503999974,43.821062660000052],[-91.198420900999963,43.821172129000047],[-91.198405466999986,43.821289467000042],[-91.198383295999975,43.821415449000028],[-91.198369900999978,43.821486323000045],[-91.198305490999985,43.82162203300004],[-91.19827810399994,43.821733779000056],[-91.198260491999974,43.821791122000036],[-91.198210312999947,43.82189810300008],[-91.198112810999987,43.822057021000035],[-91.198037261999957,43.82217855600004],[-91.197990164999965,43.822241922000046],[-91.197959890999982,43.822257956000044],[-91.197941498999967,43.822276010000053],[-91.197929267999939,43.822306146000074],[-91.19788304299999,43.822363786000039],[-91.197798438999939,43.822426827000072],[-91.197726276999958,43.822470447000057],[-91.197699431999979,43.822510023000063],[-91.197680420999973,43.822546660000057],[-91.19761393899995,43.822578075000081],[-91.197610615999963,43.822609546000081],[-91.197611569999935,43.822620319000066]]},"properties":{"OBJECTID":20,"Name":"SAVANNA","HIKING":"Yes","Biking":"No","Difficulty":"Intermediate","Length":0.340546012,"Shape_Length":0.0058049680224041651}},{"type":"Feature","id":21,"geometry":{"type":"MultiLineString","coordinates":[[[-91.206509727999958,43.827428399000041],[-91.206835466999962,43.827529779000031],[-91.207042342999955,43.827609539000036],[-91.207225500999982,43.827687642000058],[-91.207377272999963,43.827775601000042],[-91.207547083999941,43.827844319000064],[-91.207750719999979,43.827893627000037],[-91.208081229999948,43.827970184000037],[-91.208332001999963,43.828007565000064],[-91.208506046999958,43.828024792000065],[-91.208760479999967,43.82798211100004],[-91.208928728999979,43.827972724000062],[-91.209096863999946,43.827957621000053],[-91.209317547999945,43.827938156000073],[-91.20958662399994,43.827969627000073],[-91.209803381999961,43.828016888000036],[-91.210006409999949,43.828035714000066],[-91.210152806999986,43.827986543000065],[-91.210358919999976,43.827896733000046],[-91.210549397999955,43.827814707000073],[-91.210746661999963,43.827677356000038],[-91.210942515999989,43.827600990000064],[-91.211233400999959,43.827538866000054],[-91.211421894999944,43.827489250000042],[-91.211462617999985,43.82742023000003],[-91.211479126999961,43.82732479100008],[-91.211538574999963,43.827270817000056]],[[-91.211424449999981,43.827485413000034],[-91.211530769999968,43.827537644000074],[-91.211625425999955,43.827664304000052],[-91.211796427999957,43.827792067000075],[-91.211995569999942,43.827879521000057],[-91.212099985999942,43.827967973000057],[-91.212204328999974,43.828052614000057],[-91.212316829999963,43.828150506000043],[-91.212489011999935,43.828205854000032],[-91.212634917999935,43.828263382000046],[-91.212754129999951,43.828302138000026],[-91.212864950999972,43.828316215000029],[-91.213017219999983,43.828297463000069],[-91.213169451999988,43.828276806000076],[-91.213245605999987,43.828268383000079]]]},"properties":{"OBJECTID":21,"Name":"MILLER BLUFF","HIKING":"Yes","Biking":"No","Difficulty":"Easy","Length":0.397148013,"Shape_Length":0.0074845037209874468}},{"type":"Feature","id":22,"geometry":{"type":"LineString","coordinates":[[-91.192707071999962,43.821683475000043],[-91.192814861999977,43.821547384000041],[-91.192956630999959,43.821397301000047],[-91.193150453999976,43.821218099000077],[-91.193347471999971,43.821067442000071],[-91.193435587999943,43.820996080000043],[-91.193713639999942,43.820834728000079],[-91.193989649999935,43.820681018000073],[-91.194076286999973,43.820590951000042],[-91.194254118999936,43.820481645000029],[-91.194396995999966,43.820361272000071],[-91.194518405999986,43.820273131000079],[-91.194616448999966,43.82012121300005],[-91.194847677999974,43.81999763500005],[-91.195014733999983,43.819982184000025],[-91.195111019999956,43.819901161000075],[-91.195177185999967,43.819893615000069],[-91.19524916599994,43.819860858000027],[-91.19534860899995,43.819779804000063],[-91.195394832999966,43.81972216500003],[-91.195545856999956,43.819635101000074],[-91.195766814999956,43.819530819000079],[-91.196063524999943,43.819365404000052],[-91.196611891999964,43.81915164600008],[-91.197107581999944,43.818988735000062],[-91.197534530999974,43.818783094000025],[-91.197605201999977,43.818764068000064],[-91.197684082999956,43.818760961000066],[-91.197736868999982,43.818715827000062],[-91.198332875999938,43.817959693000034],[-91.198436399999991,43.817925463000051],[-91.198654322999971,43.817927768000061],[-91.198762286999965,43.817878629000063],[-91.19896036199998,43.817835412000079],[-91.199092828999937,43.817829649000032],[-91.199241508999989,43.817836855000053],[-91.199407236999946,43.817876399000056],[-91.199574229999939,43.817899898000064],[-91.199652789999959,43.817880788000025],[-91.199963833999959,43.817802095000047],[-91.200086774999988,43.817791670000076],[-91.200475586999971,43.81784504400008],[-91.200976399999945,43.817927624000049],[-91.201313160999973,43.817986701000052],[-91.201547855999991,43.818032379000044],[-91.201975396999956,43.818121810000036],[-91.202333415999988,43.818208795000032],[-91.202396270999941,43.818218619000049],[-91.202647807999938,43.818279946000075],[-91.203017361999969,43.818321655000034],[-91.203408124999953,43.818291762000058],[-91.203788039999949,43.818241632000081],[-91.204127458999949,43.818200371000046],[-91.204596010999978,43.818153409000047],[-91.205059988999949,43.818103269000062],[-91.205191461999959,43.818082329000049]]},"properties":{"OBJECTID":22,"Name":"HIXON FOREST WALKING TRAIL","HIKING":"Yes","Biking":"Yes","Difficulty":"Easy","Length":0.745319009,"Shape_Length":0.013887106972679997}},{"type":"Feature","id":23,"geometry":{"type":"MultiLineString","coordinates":[[[-91.205370801999948,43.811683730000027],[-91.205378383999971,43.811569331000044],[-91.205371598999989,43.811476517000074],[-91.205359808999958,43.811380184000029],[-91.205391055999939,43.811215521000065],[-91.205465905999972,43.81101110700007],[-91.205493717999957,43.810921503000031],[-91.205505304999974,43.810760620000053],[-91.205488726999988,43.810671481000043],[-91.205554781999979,43.810520746000066],[-91.205567866999957,43.810434869000062]],[[-91.205938045999972,43.810295952000047],[-91.205866997999976,43.810196666000081],[-91.205732042999955,43.810158068000078],[-91.205637429999967,43.810163346000081],[-91.205557113999987,43.810192766000057],[-91.20544665999995,43.810195352000051],[-91.205373693999945,43.810197545000051],[-91.205325454999979,43.810252352000077],[-91.205302976999974,43.810312604000046],[-91.205256626999983,43.810363105000079],[-91.205166838999958,43.810511231000078],[-91.205142702999979,43.810587221000048],[-91.205217523999977,43.810677893000047],[-91.205282082999986,43.810748667000041],[-91.20532908499996,43.810829627000032],[-91.205415488999961,43.810907318000034],[-91.205488770999978,43.810920841000041]],[[-91.205936072999975,43.810295973000052],[-91.205914424999946,43.810397658000056],[-91.205915907999952,43.810471951000068],[-91.205940034999969,43.810593163000078],[-91.205990180999947,43.810732678000079],[-91.206013850999966,43.810831032000067],[-91.206037151999965,43.810910811000042],[-91.206056248999971,43.810977773000047],[-91.206060104999949,43.811072047000039],[-91.20611125399995,43.81116296700003],[-91.206142758999988,43.811258380000027],[-91.206257554999979,43.811374355000055],[-91.206329978999975,43.811443616000076],[-91.206554628999982,43.811625603000039],[-91.206792147999977,43.811760298000081],[-91.206914665999989,43.811867617000075],[-91.207135029999961,43.812032499000054],[-91.207296038999971,43.812090830000045],[-91.207644703999961,43.812158623000073],[-91.20789023399999,43.812200346000054],[-91.208076405999975,43.81223411700006],[-91.208236212999964,43.812232442000038],[-91.208306294999943,43.812184549000051],[-91.208404485999949,43.812160655000071],[-91.208518714999968,43.812149453000075],[-91.208933861999981,43.812087936000069],[-91.20910722299999,43.81207325400004],[-91.209206155999937,43.812086505000025],[-91.209328448999941,43.812083792000067],[-91.209609746999945,43.811940795000055],[-91.209822247999966,43.81181138200003],[-91.210050818999946,43.811696089000066],[-91.210364509999977,43.81159419200003],[-91.21068540899995,43.811556523000036],[-91.210928846999991,43.811493944000063],[-91.211181032999946,43.811375543000054],[-91.211369227999967,43.811313545000075],[-91.211439105999943,43.811255651000067],[-91.211472130999937,43.811229581000077],[-91.211520849999943,43.811199059000046],[-91.211555874999988,43.811174398000048],[-91.211586036999961,43.811104060000048],[-91.211607647999983,43.811000945000046],[-91.211630290999949,43.810949263000055]],[[-91.211550251999938,43.810795773000052],[-91.211445606999973,43.810891188000028],[-91.211423594999985,43.810974301000044],[-91.211399666999966,43.811060293000025],[-91.211351233999949,43.811105101000066],[-91.211271805999957,43.811178816000051],[-91.211245245999976,43.811231968000072],[-91.211222344999953,43.811270792000073],[-91.211177941999949,43.811319844000025],[-91.211183004999953,43.811375522000048]],[[-91.211705395999957,43.811653087000025],[-91.21164067899997,43.811640431000058],[-91.211603430999958,43.811619864000079],[-91.211428552999962,43.811558828000045],[-91.211246967999955,43.811556927000026],[-91.211093713999958,43.811655712000061],[-91.210952047999967,43.811741989000041],[-91.210709028999986,43.81182552000007],[-91.210496601999978,43.811860145000026],[-91.210407314999941,43.811868704000062],[-91.210114769999961,43.811909885000034],[-91.209877542999948,43.811954296000067],[-91.209757317999959,43.811994618000028],[-91.209615305999989,43.811998016000075],[-91.209524951999981,43.812018970000054],[-91.209326285999964,43.812083933000054]]]},"properties":{"OBJECTID":23,"Name":"GRANDAD BLUFF VALLEY TRAIL","HIKING":"Yes","Biking":"No","Difficulty":"Advanced","Length":0.756385982,"Shape_Length":0.013261305935689856}},{"type":"Feature","id":24,"geometry":{"type":"LineString","coordinates":[[-91.209572771999945,43.812803749000068],[-91.209727777999944,43.812759251000045],[-91.209835688999988,43.812728108000044],[-91.209923669999966,43.812687172000039],[-91.209977251999987,43.812603727000067],[-91.210039756999947,43.812571632000072],[-91.210291090999988,43.812508973000035],[-91.21042459399996,43.812474703000078],[-91.210532819999969,43.812459274000048],[-91.210668952999981,43.81245784400005],[-91.210861727999941,43.812427237000065],[-91.211038520999978,43.812386795000066],[-91.211029425999982,43.812326872000028],[-91.211071883999978,43.812279269000044],[-91.211130469999944,43.812248644000078],[-91.211203125999987,43.812230732000046],[-91.211263598999949,43.81219580000004],[-91.21131612299996,43.81215809300005],[-91.211365957999988,43.812084691000052],[-91.211421768999969,43.812014083000065],[-91.211582883999938,43.811880920000078]]},"properties":{"OBJECTID":24,"Name":"GRANDAD BLUFF MAIN AREA","HIKING":"Yes","Biking":"No","Difficulty":"Easy","Length":0.127922997,"Shape_Length":0.0023464935133214455}},{"type":"Feature","id":25,"geometry":{"type":"LineString","coordinates":[[-91.391995048999945,43.937296955000079],[-91.391992882999944,43.937460950000059],[-91.392002672999979,43.93760437800006],[-91.392023510999991,43.937826481000059],[-91.392067637999958,43.93801019600005],[-91.39212981899999,43.938127810000026],[-91.392169090999971,43.938334948000033],[-91.39198827499996,43.938415829000064],[-91.391944144999968,43.938519738000025],[-91.391870470999947,43.938650476000078],[-91.391771420999987,43.938740386000063],[-91.391602717999945,43.938879374000066],[-91.391492569999969,43.938997750000055],[-91.391352716999961,43.939160949000041],[-91.391243155999973,43.939312969000071],[-91.391148477999991,43.939522956000076],[-91.391072503999965,43.93985298900003],[-91.391058853999937,43.940083736000076],[-91.391110454999989,43.940221711000049],[-91.391169408999986,43.940417413000034],[-91.391223479999951,43.940565453000033],[-91.391213946999983,43.940671307000059],[-91.391152336999937,43.940750994000041],[-91.391157745999976,43.940826258000072],[-91.391244729999983,43.940908046000061],[-91.391339169999981,43.940976785000032],[-91.391434671999946,43.941009804000032],[-91.391583023999942,43.941041703000053],[-91.391751387999989,43.941069463000076],[-91.391924858999971,43.941121748000057],[-91.392077964999942,43.941174214000057],[-91.392197328999941,43.941241016000049],[-91.392260077999936,43.941323804000035],[-91.39224928699997,43.941416280000055],[-91.392231822999975,43.941512704000047],[-91.392279930999962,43.941658382000071],[-91.392358179999974,43.94178837700008],[-91.39244862399994,43.941905587000065],[-91.392566245999944,43.942010287000073],[-91.392685872999948,43.942081270000074],[-91.392736937999985,43.942134380000027],[-91.392865141999948,43.942264879000049],[-91.392882273999987,43.94231164100006],[-91.392964529999972,43.942465055000071],[-91.39323455899995,43.942744143000027],[-91.393349567999962,43.942829826000036],[-91.393496041999981,43.942961275000073],[-91.393640879999964,43.943070669000065],[-91.39388388399999,43.943197658000031],[-91.394070376999991,43.94340573900007],[-91.394176018999985,43.943598764000058],[-91.394236131999946,43.94374726500007],[-91.394094520999943,43.943755773000078],[-91.393939730999989,43.943728504000035],[-91.393752464999977,43.943673129000047],[-91.39362203799999,43.943630519000067],[-91.393488111999943,43.94359662800008],[-91.393342913999959,43.943569475000061],[-91.393263126999955,43.943565769000031],[-91.393200365999974,43.943562852000071],[-91.393177881999975,43.943572736000078],[-91.393120726999939,43.943621172000064],[-91.393043485999954,43.943720916000075],[-91.392988486999968,43.943828103000044],[-91.392953391999981,43.944040091000033],[-91.392974556999945,43.94424980000008],[-91.393053450999957,43.944511875000046],[-91.393169021999938,43.944814081000061],[-91.393212175999963,43.94498425900008],[-91.393264621999947,43.94509028300007],[-91.393590618999951,43.94537017600004],[-91.393639876999941,43.945521964000079],[-91.393614310999965,43.945676293000076],[-91.393526852999969,43.945790272000067],[-91.393430229999979,43.945961806000071],[-91.393389968999941,43.946179610000058],[-91.393446650999977,43.946425400000066],[-91.393438726999989,43.946590034000053],[-91.393368003999967,43.946867247000057],[-91.393311497999946,43.947002962000056],[-91.393263877999971,43.947152506000066],[-91.393220452999969,43.947341067000025],[-91.393150398999978,43.947490710000068],[-91.393060314999957,43.947609945000067],[-91.39300523199995,43.947719633000077],[-91.392996454999945,43.947787297000048],[-91.393011803999968,43.947862827000051],[-91.393042119999961,43.947935542000039],[-91.393060430999981,43.947989919000065],[-91.393084038999973,43.948032279000074],[-91.393102499999941,43.948059369000077],[-91.393165508999971,43.948212378000051],[-91.393294276999939,43.948724829000071],[-91.393350081999984,43.948808545000077],[-91.39337403799999,43.948844472000076],[-91.393419581999979,43.948953794000033],[-91.393465830999958,43.949172463000025],[-91.393516991999945,43.949415600000066],[-91.39347513499996,43.949629186000038]]},"properties":{"OBJECTID":25,"Name":"North Overlook / Kerns Valley Overlook","HIKING":"Yes","Biking":"No","Difficulty":"Easy","Length":1.10000002,"Shape_Length":0.016218706252310002}},{"type":"Feature","id":26,"geometry":{"type":"MultiLineString","coordinates":[[[-91.401562427999977,43.944171352000069],[-91.401652486999978,43.944240993000051],[-91.401768965999963,43.944345370000065],[-91.401936597999963,43.944420490000027],[-91.402065492999952,43.944436834000044],[-91.402324437999937,43.944471103000069],[-91.402465549999988,43.944495648000043],[-91.402699404999964,43.944517565000069],[-91.402802267999959,43.944536289000041],[-91.40284434299997,43.944543954000039],[-91.403008145999991,43.944572255000026],[-91.403279517999977,43.944614817000058],[-91.403385448999984,43.944631586000071],[-91.403623952999965,43.944665153000074],[-91.403875734999986,43.944699391000029],[-91.404142257999979,43.944738777000055],[-91.404354466999962,43.944762224000044],[-91.404553950999968,43.944790391000026],[-91.404820003999987,43.944851107000034]],[[-91.404820003999987,43.944851107000034],[-91.404825292999988,43.945000440000058],[-91.404822715999956,43.945143370000039],[-91.404815519999943,43.945210219000046],[-91.404812676999939,43.945294155000056],[-91.404811217999963,43.945330986000045],[-91.404794385999935,43.945474365000052],[-91.404814396999939,43.945643540000049],[-91.404861083999947,43.945830564000062],[-91.404950696999947,43.946045206000065],[-91.405194259999973,43.946174088000078],[-91.405335651999962,43.946291810000048],[-91.405393800999946,43.946467811000048],[-91.405410256999971,43.946673545000067],[-91.405444114999966,43.946935010000061],[-91.405450627999983,43.947052146000033],[-91.405431959999987,43.947205970000027],[-91.405318801999954,43.947379544000057],[-91.40513674999994,43.947545880000064],[-91.405060772999946,43.947732632000054],[-91.405080150999936,43.947873365000078],[-91.405184394999935,43.947986085000025],[-91.405590642999982,43.948100023000052],[-91.405969537999965,43.948217754000041],[-91.40622902399997,43.948277664000045],[-91.406430041999954,43.948328655000068],[-91.406674889999977,43.948353462000057],[-91.406795081999974,43.948352654000075],[-91.406955598999957,43.948363076000078],[-91.407078967999951,43.948374394000041],[-91.407273710999959,43.948365468000077],[-91.407407651999961,43.948344440000028],[-91.407516120999958,43.94834862600004]],[[-91.404820003999987,43.944851107000034],[-91.404951643999937,43.944890696000073],[-91.405120046999969,43.945048069000052],[-91.405309203999991,43.945236019000049],[-91.405466226999977,43.945376342000031],[-91.405684317999942,43.945599358000038],[-91.405817688999946,43.945729942000071],[-91.406056771999943,43.945939268000075],[-91.406180780999989,43.946053758000062],[-91.40630361999996,43.946144903000061],[-91.406438037999976,43.946213539000041],[-91.406528737999963,43.946235242000057],[-91.406789637999964,43.94630866600005],[-91.406985720999955,43.946353816000055],[-91.407138112999974,43.946367340000052],[-91.407285082999977,43.946381318000078],[-91.407415767999964,43.946390145000066],[-91.40753906499998,43.946404928000049],[-91.40778783199994,43.946432984000069],[-91.408009076999974,43.946454776000053],[-91.40817608499998,43.946468331000062],[-91.408345247999989,43.946490333000042],[-91.408495073999973,43.946505665000075],[-91.408668795999972,43.946527289000073],[-91.408886109999969,43.946553977000065],[-91.40914862599999,43.946569319000048],[-91.409370172999957,43.946604556000068],[-91.409429500999977,43.946655063000037],[-91.409482268999966,43.946739881000042],[-91.409497611999939,43.946831372000076],[-91.409474262999936,43.946929337000029],[-91.409424619999982,43.947065616000032],[-91.409328771999981,43.947147563000044],[-91.409139761999938,43.947184186000072],[-91.408928700999979,43.947230370000057],[-91.408706511999981,43.947244319000049],[-91.408407803999978,43.94723975200003],[-91.408131548999961,43.947267974000056],[-91.407963324999969,43.947330220000026],[-91.407866576999936,43.947469155000078],[-91.407822002999978,43.947595086000035],[-91.407740314999955,43.947775791000026],[-91.407621199999937,43.947955667000031],[-91.407533826999952,43.94818678300004],[-91.407516120999958,43.94834862600004]],[[-91.407516120999958,43.94834862600004],[-91.407611310999982,43.948449657000026],[-91.408080414999972,43.948787540000069],[-91.408329173999959,43.948989496000081],[-91.408700840999984,43.949281794000058],[-91.409014961999958,43.949532063000049],[-91.409130193999943,43.949677075000068],[-91.409442804999969,43.949960697000051],[-91.409638065999957,43.950200278000068],[-91.409728624999957,43.950303710000071],[-91.409767192999936,43.950374384000042],[-91.409781668999983,43.950456823000025],[-91.409798828999953,43.950684867000064],[-91.409825103999935,43.950781435000067],[-91.409887393999952,43.95087290400005],[-91.410081128999991,43.951094663000049],[-91.410247738999942,43.951280679000035],[-91.410381572999938,43.951455534000047],[-91.410514553999974,43.951626892000036],[-91.410654918999967,43.951824661000046],[-91.410704376999945,43.951942250000059],[-91.410683443999972,43.952120237000031],[-91.410600357999954,43.952359050000041],[-91.410433043999944,43.952864426000076],[-91.41049114499998,43.953202432000069],[-91.410598538999977,43.953705419000073],[-91.410835571999939,43.953961650000053],[-91.411016704999952,43.954505214000051],[-91.41088307299998,43.955099582000059],[-91.410595892999936,43.955374045000042],[-91.410353535999946,43.955637931000069],[-91.410124055999972,43.955800707000037],[-91.410051090999957,43.955896686000074],[-91.41000193299999,43.955996750000054],[-91.409975294999981,43.95612398600008],[-91.409893964999981,43.95621016900003],[-91.409794404999957,43.95628266500006],[-91.409681631999945,43.956328103000033],[-91.409549987999981,43.956383361000064],[-91.409498326999937,43.956448754000064],[-91.409499127999936,43.956547200000045],[-91.409533508999971,43.956610982000029],[-91.409635779999974,43.956726569000068],[-91.409643350999943,43.956891744000075],[-91.409580818999984,43.957068394000032],[-91.409532602999946,43.957209230000046],[-91.409461271999987,43.957443308000052],[-91.409412743999951,43.957652358000075]]]},"properties":{"OBJECTID":26,"Name":"Kings Bluff Trail","HIKING":"Yes","Biking":"No","Difficulty":"Easy","Length":1.72000003,"Shape_Length":0.029114712967132621}},{"type":"Feature","id":27,"geometry":{"type":"MultiLineString","coordinates":[[[-91.385278633999974,43.936842910000053],[-91.385099843999967,43.936659152000061],[-91.384766909999939,43.936363507000067],[-91.384661748999974,43.93622653500006],[-91.384573442999965,43.936092422000058],[-91.384538884999984,43.935970792000035],[-91.384570834999977,43.935868955000046],[-91.384664688999976,43.935718565000059],[-91.384801515999982,43.935560247000069],[-91.384942047999971,43.935460656000032],[-91.385038472999952,43.935345938000069],[-91.385077440999964,43.935238861000073],[-91.385049828999968,43.935066802000051],[-91.385036991999982,43.934950079000032],[-91.385071959999948,43.934856784000033],[-91.385107351999977,43.934747865000077],[-91.385137972999985,43.934615434000079],[-91.385154614999976,43.934457658000042],[-91.385179210999979,43.934250476000045],[-91.385309445999951,43.934095719000027],[-91.385489592999988,43.933984146000057],[-91.385628339999982,43.933879884000078],[-91.385693106999952,43.933778835000055],[-91.385730717999991,43.933693752000067],[-91.385778958999936,43.933648606000077]],[[-91.385278633999974,43.936842910000053],[-91.385454946999971,43.93689034700003],[-91.385558516999936,43.936970672000029],[-91.385602714999948,43.937025308000045],[-91.385643843999958,43.937104040000065],[-91.385647028999983,43.937186151000049],[-91.385612693999974,43.937256010000056],[-91.385524080999971,43.93733290800003],[-91.385497679999958,43.937400547000038]],[[-91.379228710999939,43.938537791000044],[-91.379357555999945,43.938537377000046],[-91.379534284999977,43.938568145000033],[-91.37964692099996,43.93861269000007],[-91.379757439999935,43.938668152000048],[-91.379942315999983,43.938735716000053],[-91.380063646999986,43.93875463300003],[-91.380245256999956,43.938770398000031],[-91.380336524999962,43.938810353000065],[-91.380371128999968,43.938857058000053],[-91.380502282999942,43.939005683000062],[-91.380664081999953,43.939131640000028],[-91.38077263699995,43.939200821000043],[-91.380969585999935,43.939297420000059],[-91.381120366999937,43.939403790000028],[-91.381244133999985,43.939517601000034],[-91.381347313999981,43.939599833000045],[-91.381417690999967,43.939657129000068],[-91.381574882999985,43.939744997000048],[-91.381678787999988,43.939837286000056],[-91.381770855999946,43.939902020000034],[-91.38192702799995,43.939954958000044],[-91.38211886199997,43.940021158000036],[-91.382318495999982,43.940077736000035],[-91.382522756999947,43.940123620000065],[-91.382683984999971,43.940161070000045],[-91.382861959999957,43.940179219000072],[-91.383073746999969,43.940185575000044],[-91.383250672999964,43.940204259000041],[-91.383450640999968,43.940230209000049],[-91.383520966999981,43.940208084000062],[-91.383570582999937,43.940173618000074],[-91.383653678999963,43.940100542000039],[-91.383734025999956,43.940027716000031],[-91.383820230999959,43.939941989000033],[-91.383841616999973,43.939899498000045],[-91.38388097099994,43.939830791000077],[-91.383937782999965,43.939760179000075],[-91.384023522999939,43.939667216000032],[-91.384152423999979,43.939568704000067],[-91.384272861999989,43.939462024000079],[-91.384341845999984,43.93931690900007],[-91.38436137299999,43.939147533000039],[-91.384381063999967,43.93898452500008],[-91.384443590999979,43.93883352000006],[-91.384482828999978,43.938687148000042],[-91.384516370999961,43.93853852500007],[-91.384502486999963,43.938380867000035],[-91.384451834999936,43.93821213700005],[-91.384437765999962,43.938059473000067],[-91.384491931999946,43.937929599000029],[-91.384557233999942,43.93778418900007],[-91.384627016999957,43.937633395000034],[-91.384706050999966,43.937525174000029],[-91.384808716999942,43.937375196000062],[-91.384847624999964,43.937301225000056],[-91.384894799999984,43.937201260000052],[-91.384933870999987,43.937113407000027],[-91.38499938199999,43.937046726000062],[-91.385092597999972,43.937012904000028],[-91.385184574999982,43.936974651000071],[-91.385236874999975,43.93690902600008],[-91.385278633999974,43.936842910000053]]]},"properties":{"OBJECTID":27,"Name":"Campground to East Overlook","HIKING":"Yes","Biking":"No","Difficulty":"Easy","Length":0.800000012,"Shape_Length":0.013599700381881135}},{"type":"Feature","id":28,"geometry":{"type":"LineString","coordinates":[[-91.394507024999939,43.94782359900006],[-91.39440906599998,43.947917425000071],[-91.394335766999973,43.947958125000071],[-91.394238131999941,43.948008910000055],[-91.39417403799996,43.948059932000035],[-91.394106823999948,43.948104176000072],[-91.393998333999946,43.94813277600008],[-91.393922013999941,43.948129659000074],[-91.393695903999969,43.948089044000028],[-91.393475759999944,43.94807817800006],[-91.393344604999982,43.948020647000078],[-91.393213052999954,43.94797089900004],[-91.393042119999961,43.947935542000039],[-91.392762389999973,43.947790397000063],[-91.392516778999948,43.947645776000059],[-91.392252017999965,43.94755239300008],[-91.392117482999936,43.947491797000055],[-91.391782514999989,43.947363708000069],[-91.391652030999978,43.947323921000077],[-91.391376037999976,43.947244199000068],[-91.391104377999966,43.947137815000076],[-91.391008832999944,43.947087536000026],[-91.391007705999982,43.947085431000062],[-91.39099336299995,43.947068816000069],[-91.390788794999935,43.946970372000067],[-91.390637425999955,43.946887667000055],[-91.39052447399996,43.946794871000066]]},"properties":{"OBJECTID":28,"Name":"South Overlook Trail","HIKING":"Yes","Biking":"No","Difficulty":"Easy","Length":0.230000004,"Shape_Length":0.004369593653686569}}]}